i,real,imag
5,-0.8979,0.0000
5,-0.5661,0.0000
5,-0.5000,0.0000
5,-0.4339,0.0000
5,-0.1021,0.0000
5,-0.9131,0.0000
5,-0.7124,0.0000
5,-0.5000,0.0000
5,-0.2876,0.0000
5,-0.08690,0.0000
5,-0.9019,0.0000
5,-0.5253,0.0000
5,-0.5000,0.0000
5,-0.4747,0.0000
5,-0.09806,0.0000
5,-0.8657,0.0000
5,-0.5000,0.0000
5,-0.1343,0.0000
5,-0.5000,-0.3406
5,-0.5000,0.3406
5,-0.8712,0.0000
5,-0.5000,0.0000
5,-0.1288,0.0000
5,-0.5000,-0.1455
5,-0.5000,0.1455
5,-0.8542,0.0000
5,-0.5000,0.0000
5,-0.1458,0.0000
5,-0.5000,-0.08553
5,-0.5000,0.08553
5,-0.8782,0.0000
5,-0.6692,0.0000
5,-0.5000,0.0000
5,-0.3308,0.0000
5,-0.1218,0.0000
5,-0.8969,0.0000
5,-0.6180,0.0000
5,-0.5000,0.0000
5,-0.3820,0.0000
5,-0.1031,0.0000
5,-0.8560,0.0000
5,-0.5000,0.0000
5,-0.1440,0.0000
5,-0.5000,-0.2975
5,-0.5000,0.2975
5,-0.8565,0.0000
5,-0.6208,0.0000
5,-0.5000,0.0000
5,-0.3792,0.0000
5,-0.1435,0.0000
5,-0.8451,0.0000
5,-0.5000,0.0000
5,-0.1549,0.0000
5,-0.5000,-0.1482
5,-0.5000,0.1482
5,-0.8739,0.0000
5,-0.6523,0.0000
5,-0.5000,0.0000
5,-0.3477,0.0000
5,-0.1261,0.0000
5,-0.8262,0.0000
5,-0.5000,0.0000
5,-0.1738,0.0000
5,-0.5000,-0.1619
5,-0.5000,0.1619
5,-0.8250,0.0000
5,-0.5862,0.0000
5,-0.5000,0.0000
5,-0.4138,0.0000
5,-0.1750,0.0000
5,-0.7935,0.0000
5,-0.5000,0.0000
5,-0.2065,0.0000
5,-0.5000,-0.2602
5,-0.5000,0.2602
5,-0.8385,0.0000
5,-0.6316,0.0000
5,-0.5000,0.0000
5,-0.3684,0.0000
5,-0.1615,0.0000
5,-0.8591,0.0000
5,-0.6791,0.0000
5,-0.5000,0.0000
5,-0.3209,0.0000
5,-0.1409,0.0000
5,-0.8606,0.0000
5,-0.5000,0.0000
5,-0.1394,0.0000
5,-0.5000,-0.000005500
5,-0.5000,0.000005500
5,-0.8435,0.0000
5,-0.5000,0.0000
5,-0.1565,0.0000
5,-0.5000,-0.2449
5,-0.5000,0.2449
5,-0.8908,0.0000
5,-0.6667,0.0000
5,-0.5000,0.0000
5,-0.3333,0.0000
5,-0.1092,0.0000
5,-0.8849,0.0000
5,-0.5000,0.0000
5,-0.1151,0.0000
5,-0.5000,-0.06401
5,-0.5000,0.06401
5,-0.8514,0.0000
5,-0.5000,0.0000
5,-0.1486,0.0000
5,-0.5000,-0.3347
5,-0.5000,0.3347
5,-0.8727,0.0000
5,-0.5000,0.0000
5,-0.1273,0.0000
5,-0.5000,-0.1043
5,-0.5000,0.1043
5,-0.8439,0.0000
5,-0.5000,0.0000
5,-0.1561,0.0000
5,-0.5000,-0.1066
5,-0.5000,0.1066
5,-0.8452,0.0000
5,-0.5000,0.0000
5,-0.1548,0.0000
5,-0.5000,-0.2018
5,-0.5000,0.2018
5,-0.8701,0.0000
5,-0.6515,0.0000
5,-0.5000,0.0000
5,-0.3485,0.0000
5,-0.1299,0.0000
5,-0.8558,0.0000
5,-0.5000,0.0000
5,-0.1442,0.0000
5,-0.5000,-0.1055
5,-0.5000,0.1055
5,-0.8783,0.0000
5,-0.6343,0.0000
5,-0.5000,0.0000
5,-0.3657,0.0000
5,-0.1217,0.0000
5,-0.8390,0.0000
5,-0.5000,0.0000
5,-0.1610,0.0000
5,-0.5000,-0.2539
5,-0.5000,0.2539
5,-0.7364,0.0000
5,-0.5000,0.0000
5,-0.2636,0.0000
5,-0.5000,-0.2205
5,-0.5000,0.2205
5,-0.5000,0.0000
5,-0.6637,-0.09777
5,-0.6637,0.09777
5,-0.3363,-0.09777
5,-0.3363,0.09777
5,-0.7993,0.0000
5,-0.5000,0.0000
5,-0.2007,0.0000
5,-0.5000,-0.1467
5,-0.5000,0.1467
5,-0.8057,0.0000
5,-0.5940,0.0000
5,-0.5000,0.0000
5,-0.4060,0.0000
5,-0.1943,0.0000
5,-0.7861,0.0000
5,-0.5000,0.0000
5,-0.2139,0.0000
5,-0.5000,-0.1581
5,-0.5000,0.1581
5,-0.7324,0.0000
5,-0.5000,0.0000
5,-0.2676,0.0000
5,-0.5000,-0.1822
5,-0.5000,0.1822
5,-0.5000,0.0000
5,-0.6623,-0.04347
5,-0.6623,0.04347
5,-0.3377,-0.04347
5,-0.3377,0.04347
5,-0.5000,0.0000
5,-0.6378,-0.1153
5,-0.6378,0.1153
5,-0.3622,-0.1153
5,-0.3622,0.1153
5,-0.5000,0.0000
5,-0.6970,-0.02173
5,-0.6970,0.02173
5,-0.3030,-0.02173
5,-0.3030,0.02173
5,-0.5000,0.0000
5,-0.6615,-0.1741
5,-0.6615,0.1741
5,-0.3385,-0.1741
5,-0.3385,0.1741
5,-0.5000,0.0000
5,-0.6921,-0.1220
5,-0.6921,0.1220
5,-0.3079,-0.1220
5,-0.3079,0.1220
5,-0.6987,0.0000
5,-0.6667,0.0000
5,-0.5000,0.0000
5,-0.3333,0.0000
5,-0.3013,0.0000
5,-0.5000,0.0000
5,-0.6008,-0.04699
5,-0.6008,0.04699
5,-0.3992,-0.04699
5,-0.3992,0.04699
5,-0.5000,0.0000
5,-0.7250,-0.04486
5,-0.7250,0.04486
5,-0.2750,-0.04486
5,-0.2750,0.04486
5,-0.8273,0.0000
5,-0.5000,0.0000
5,-0.1727,0.0000
5,-0.7983,0.0000
5,-0.5000,0.0000
5,-0.2017,0.0000
5,-0.5000,-0.2812
5,-0.5000,0.2812
5,-0.8273,0.0000
5,-0.5000,0.0000
5,-0.1727,0.0000
5,-0.7861,0.0000
5,-0.5000,0.0000
5,-0.2139,0.0000
5,-0.5000,-0.1581
5,-0.5000,0.1581
5,-0.7758,0.0000
5,-0.5455,0.0000
5,-0.5000,0.0000
5,-0.4545,0.0000
5,-0.2242,0.0000
5,-0.8220,0.0000
5,-0.6667,0.0000
5,-0.5000,0.0000
5,-0.3333,0.0000
5,-0.1780,0.0000
5,-0.8416,0.0000
5,-0.5000,0.0000
5,-0.1584,0.0000
5,-0.5000,-0.07293
5,-0.5000,0.07293
5,-0.8626,0.0000
5,-0.6840,0.0000
5,-0.5000,0.0000
5,-0.3160,0.0000
5,-0.1374,0.0000
5,-0.8530,0.0000
5,-0.5000,0.0000
5,-0.1470,0.0000
5,-0.5000,-0.06933
5,-0.5000,0.06933
5,-0.8066,0.0000
5,-0.5000,0.0000
5,-0.1934,0.0000
5,-0.5000,-0.3360
5,-0.5000,0.3360
5,-0.8148,0.0000
5,-0.5000,0.0000
5,-0.1852,0.0000
5,-0.5000,-0.1576
5,-0.5000,0.1576
5,-0.7932,0.0000
5,-0.5000,0.0000
5,-0.2068,0.0000
5,-0.5000,-0.1082
5,-0.5000,0.1082
5,-0.8273,0.0000
5,-0.6449,0.0000
5,-0.5000,0.0000
5,-0.3551,0.0000
5,-0.1727,0.0000
5,-0.8446,0.0000
5,-0.6036,0.0000
5,-0.5000,0.0000
5,-0.3964,0.0000
5,-0.1554,0.0000
5,-0.7916,0.0000
5,-0.5000,0.0000
5,-0.2084,0.0000
5,-0.5000,-0.2876
5,-0.5000,0.2876
5,-0.8309,0.0000
5,-0.5000,0.0000
5,-0.1691,0.0000
5,-0.5000,-0.1048
5,-0.5000,0.1048
5,-0.7822,0.0000
5,-0.5000,0.0000
5,-0.2178,0.0000
5,-0.5000,-0.3280
5,-0.5000,0.3280
5,-0.8067,0.0000
5,-0.5000,0.0000
5,-0.1933,0.0000
5,-0.5000,-0.1137
5,-0.5000,0.1137
5,-0.7699,0.0000
5,-0.5000,0.0000
5,-0.2301,0.0000
5,-0.5000,-0.1229
5,-0.5000,0.1229
5,-0.7823,0.0000
5,-0.5000,0.0000
5,-0.2177,0.0000
5,-0.5000,-0.2212
5,-0.5000,0.2212
5,-0.8120,0.0000
5,-0.6131,0.0000
5,-0.5000,0.0000
5,-0.3869,0.0000
5,-0.1880,0.0000
5,-0.8389,0.0000
5,-0.5000,0.0000
5,-0.1611,0.0000
5,-0.5000,-0.09251
5,-0.5000,0.09251
5,-0.7911,0.0000
5,-0.5000,0.0000
5,-0.2089,0.0000
5,-0.5000,-0.3309
5,-0.5000,0.3309
5,-0.8015,0.0000
5,-0.5000,0.0000
5,-0.1985,0.0000
5,-0.5000,-0.1635
5,-0.5000,0.1635
5,-0.8031,0.0000
5,-0.5000,0.0000
5,-0.1969,0.0000
5,-0.5000,-0.1482
5,-0.5000,0.1482
5,-0.7484,0.0000
5,-0.5000,0.0000
5,-0.2516,0.0000
5,-0.5000,-0.3165
5,-0.5000,0.3165
5,-0.6947,0.0000
5,-0.5000,0.0000
5,-0.3053,0.0000
5,-0.5000,-0.2980
5,-0.5000,0.2980
5,-0.5000,0.0000
5,-0.5000,-0.000003511
5,-0.5000,0.000003511
5,-0.5000,-0.2565
5,-0.5000,0.2565
5,-0.7698,0.0000
5,-0.5000,0.0000
5,-0.2302,0.0000
5,-0.5000,-0.2087
5,-0.5000,0.2087
5,-0.7096,0.0000
5,-0.6244,0.0000
5,-0.5000,0.0000
5,-0.3756,0.0000
5,-0.2904,0.0000
5,-0.7689,0.0000
5,-0.5000,0.0000
5,-0.2311,0.0000
5,-0.5000,-0.1804
5,-0.5000,0.1804
5,-0.7494,0.0000
5,-0.5000,0.0000
5,-0.2506,0.0000
5,-0.5000,-0.1170
5,-0.5000,0.1170
5,-0.7236,0.0000
5,-0.5000,0.0000
5,-0.2764,0.0000
5,-0.5000,-0.1508
5,-0.5000,0.1508
5,-0.7015,0.0000
5,-0.5000,0.0000
5,-0.2985,0.0000
5,-0.5000,-0.2321
5,-0.5000,0.2321
5,-0.8224,0.0000
5,-0.5486,0.0000
5,-0.5000,0.0000
5,-0.4514,0.0000
5,-0.1776,0.0000
5,-0.7779,0.0000
5,-0.5825,0.0000
5,-0.5000,0.0000
5,-0.4175,0.0000
5,-0.2221,0.0000
5,-0.8033,0.0000
5,-0.6597,0.0000
5,-0.5000,0.0000
5,-0.3403,0.0000
5,-0.1967,0.0000
5,-0.8771,0.0000
5,-0.6372,0.0000
5,-0.5000,0.0000
5,-0.3628,0.0000
5,-0.1229,0.0000
5,-0.7914,0.0000
5,-0.5872,0.0000
5,-0.5000,0.0000
5,-0.4128,0.0000
5,-0.2086,0.0000
5,-0.7726,0.0000
5,-0.5000,0.0000
5,-0.2274,0.0000
5,-0.5000,-0.1687
5,-0.5000,0.1687
5,-0.8172,0.0000
5,-0.6262,0.0000
5,-0.5000,0.0000
5,-0.3738,0.0000
5,-0.1828,0.0000
5,-0.7246,0.0000
5,-0.5000,0.0000
5,-0.2754,0.0000
5,-0.5000,-0.1842
5,-0.5000,0.1842
5,-0.7420,0.0000
5,-0.5000,0.0000
5,-0.2580,0.0000
5,-0.5000,-0.1441
5,-0.5000,0.1441
5,-0.7138,0.0000
5,-0.6297,0.0000
5,-0.5000,0.0000
5,-0.3703,0.0000
5,-0.2862,0.0000
5,-0.6769,0.0000
5,-0.5000,0.0000
5,-0.3231,0.0000
5,-0.5000,-0.2213
5,-0.5000,0.2213
5,-0.5000,0.0000
5,-0.7116,-0.04075
5,-0.7116,0.04075
5,-0.2884,-0.04075
5,-0.2884,0.04075
5,-0.7624,0.0000
5,-0.6886,0.0000
5,-0.5000,0.0000
5,-0.3114,0.0000
5,-0.2376,0.0000
5,-0.7889,0.0000
5,-0.6581,0.0000
5,-0.5000,0.0000
5,-0.3419,0.0000
5,-0.2111,0.0000
5,-0.7964,0.0000
5,-0.5000,0.0000
5,-0.2036,0.0000
5,-0.5000,-0.000004639
5,-0.5000,0.000004639
5,-0.7695,0.0000
5,-0.5000,0.0000
5,-0.2305,0.0000
5,-0.5000,-0.2246
5,-0.5000,0.2246
5,-0.8333,0.0000
5,-0.6667,0.0000
5,-0.5000,0.0000
5,-0.3333,0.0000
5,-0.1667,0.0000
5,-0.8286,0.0000
5,-0.5000,0.0000
5,-0.1714,0.0000
5,-0.5000,-0.1008
5,-0.5000,0.1008
5,-0.7949,0.0000
5,-0.5000,0.0000
5,-0.2051,0.0000
5,-0.5000,-0.3143
5,-0.5000,0.3143
5,-0.8029,0.0000
5,-0.5000,0.0000
5,-0.1971,0.0000
5,-0.5000,-0.1596
5,-0.5000,0.1596
5,-0.8151,0.0000
5,-0.6248,0.0000
5,-0.5000,0.0000
5,-0.3752,0.0000
5,-0.1849,0.0000
5,-0.7523,0.0000
5,-0.5000,0.0000
5,-0.2477,0.0000
5,-0.5000,-0.2402
5,-0.5000,0.2402
5,-0.6000,0.0000
5,-0.5000,0.0000
5,-0.4000,0.0000
5,-0.5000,-0.2887
5,-0.5000,0.2887
5,-0.6000,0.0000
5,-0.5000,0.0000
5,-0.4000,0.0000
5,-0.5000,-0.1890
5,-0.5000,0.1890
5,-0.5000,0.0000
5,-0.6177,-0.1393
5,-0.6177,0.1393
5,-0.3823,-0.1393
5,-0.3823,0.1393
5,-0.7376,0.0000
5,-0.5000,0.0000
5,-0.2624,0.0000
5,-0.5000,-0.2887
5,-0.5000,0.2887
5,-0.7376,0.0000
5,-0.5000,0.0000
5,-0.2624,0.0000
5,-0.5000,-0.1890
5,-0.5000,0.1890
5,-0.7827,0.0000
5,-0.5000,0.0000
5,-0.2173,0.0000
5,-0.5000,-0.2557
5,-0.5000,0.2557
5,-0.7652,0.0000
5,-0.5000,0.0000
5,-0.2348,0.0000
5,-0.5000,-0.1925
5,-0.5000,0.1925
5,-0.8207,0.0000
5,-0.5910,0.0000
5,-0.5000,0.0000
5,-0.4090,0.0000
5,-0.1793,0.0000
5,-0.8350,0.0000
5,-0.5000,0.0000
5,-0.1650,0.0000
5,-0.5000,-0.1682
5,-0.5000,0.1682
5,-0.7857,0.0000
5,-0.6118,0.0000
5,-0.5000,0.0000
5,-0.3882,0.0000
5,-0.2143,0.0000
5,-0.7522,0.0000
5,-0.5000,0.0000
5,-0.2478,0.0000
5,-0.5000,-0.1812
5,-0.5000,0.1812
5,-0.8051,0.0000
5,-0.6273,0.0000
5,-0.5000,0.0000
5,-0.3727,0.0000
5,-0.1949,0.0000
5,-0.6956,0.0000
5,-0.5000,0.0000
5,-0.3044,0.0000
5,-0.5000,-0.2147
5,-0.5000,0.2147
5,-0.6000,0.0000
5,-0.5000,0.0000
5,-0.4000,0.0000
5,-0.5000,-0.00001091
5,-0.5000,0.00001091
5,-0.5000,0.0000
5,-0.6858,-0.07708
5,-0.6858,0.07708
5,-0.3142,-0.07708
5,-0.3142,0.07708
5,-0.5000,0.0000
5,-0.6450,-0.1952
5,-0.6450,0.1952
5,-0.3550,-0.1952
5,-0.3550,0.1952
5,-0.5000,0.0000
5,-0.6758,-0.1465
5,-0.6758,0.1465
5,-0.3242,-0.1465
5,-0.3242,0.1465
5,-0.7742,0.0000
5,-0.6443,0.0000
5,-0.5000,0.0000
5,-0.3557,0.0000
5,-0.2258,0.0000
5,-0.7376,0.0000
5,-0.5000,0.0000
5,-0.2624,0.0000
5,-0.5000,-0.000005702
5,-0.5000,0.000005702
5,-0.6755,0.0000
5,-0.5000,0.0000
5,-0.3245,0.0000
5,-0.5000,-0.2588
5,-0.5000,0.2588
5,-0.7643,0.0000
5,-0.5000,0.0000
5,-0.2357,0.0000
5,-0.5000,-0.1783
5,-0.5000,0.1783
5,-0.5000,0.0000
5,-0.6553,-0.1510
5,-0.6553,0.1510
5,-0.3447,-0.1510
5,-0.3447,0.1510
5,-0.6869,0.0000
5,-0.6667,0.0000
5,-0.5000,0.0000
5,-0.3333,0.0000
5,-0.3131,0.0000
5,-0.8718,0.0000
5,-0.6869,0.0000
5,-0.5000,0.0000
5,-0.3131,0.0000
5,-0.1282,0.0000
5,-0.8362,0.0000
5,-0.5000,0.0000
5,-0.1638,0.0000
5,-0.5000,-0.04720
5,-0.5000,0.04720
5,-0.8291,0.0000
5,-0.5925,0.0000
5,-0.5000,0.0000
5,-0.4075,0.0000
5,-0.1709,0.0000
5,-0.7737,0.0000
5,-0.5000,0.0000
5,-0.2263,0.0000
5,-0.5000,-0.2780
5,-0.5000,0.2780
5,-0.5000,0.0000
5,-0.7153,-0.09398
5,-0.7153,0.09398
5,-0.2847,-0.09398
5,-0.2847,0.09398
5,-0.7902,0.0000
5,-0.5000,0.0000
5,-0.2098,0.0000
5,-0.5000,-0.1464
5,-0.5000,0.1464
5,-0.7887,0.0000
5,-0.5000,0.0000
5,-0.2113,0.0000
5,-0.7194,0.0000
5,-0.5000,0.0000
5,-0.2806,0.0000
5,-0.5000,-0.2474
5,-0.5000,0.2474
5,-0.7282,0.0000
5,-0.5542,0.0000
5,-0.5000,0.0000
5,-0.4458,0.0000
5,-0.2718,0.0000
5,-0.5000,0.0000
5,-0.6202,-0.1388
5,-0.6202,0.1388
5,-0.3798,-0.1388
5,-0.3798,0.1388
5,-0.5000,0.0000
5,-0.6293,-0.1831
5,-0.6293,0.1831
5,-0.3707,-0.1831
5,-0.3707,0.1831
5,-0.5000,0.0000
5,-0.7106,-0.08392
5,-0.7106,0.08392
5,-0.2894,-0.08392
5,-0.2894,0.08392
5,-0.7726,0.0000
5,-0.5000,0.0000
5,-0.2274,0.0000
5,-0.5000,-0.06122
5,-0.5000,0.06122
5,-0.5000,0.0000
5,-0.6182,-0.07744
5,-0.6182,0.07744
5,-0.3818,-0.07744
5,-0.3818,0.07744
5,-0.5000,0.0000
5,-0.7133,-0.2220
5,-0.7133,0.2220
5,-0.2867,-0.2220
5,-0.2867,0.2220
5,-0.8094,0.0000
5,-0.6667,0.0000
5,-0.5000,0.0000
5,-0.3333,0.0000
5,-0.1906,0.0000
5,-0.8531,0.0000
5,-0.6061,0.0000
5,-0.5000,0.0000
5,-0.3939,0.0000
5,-0.1469,0.0000
5,-0.8289,0.0000
5,-0.5000,0.0000
5,-0.1711,0.0000
5,-0.5000,-0.1382
5,-0.5000,0.1382
5,-0.8598,0.0000
5,-0.6790,0.0000
5,-0.5000,0.0000
5,-0.3210,0.0000
5,-0.1402,0.0000
5,-0.8224,0.0000
5,-0.6294,0.0000
5,-0.5000,0.0000
5,-0.3706,0.0000
5,-0.1776,0.0000
5,-0.7818,0.0000
5,-0.5000,0.0000
5,-0.2182,0.0000
5,-0.5000,-0.1844
5,-0.5000,0.1844
5,-0.8283,0.0000
5,-0.6565,0.0000
5,-0.5000,0.0000
5,-0.3435,0.0000
5,-0.1717,0.0000
5,-0.7486,0.0000
5,-0.5000,0.0000
5,-0.2514,0.0000
5,-0.5000,-0.08569
5,-0.5000,0.08569
5,-0.5000,0.0000
5,-0.6519,-0.1294
5,-0.6519,0.1294
5,-0.3481,-0.1294
5,-0.3481,0.1294
5,-0.7376,0.0000
5,-0.5000,0.0000
5,-0.2624,0.0000
5,-0.5000,-0.000005702
5,-0.5000,0.000005702
5,-0.7790,0.0000
5,-0.6339,0.0000
5,-0.5000,0.0000
5,-0.3661,0.0000
5,-0.2210,0.0000
5,-0.6791,0.0000
5,-0.5000,0.0000
5,-0.3209,0.0000
5,-0.5000,-0.1755
5,-0.5000,0.1755
5,-0.5000,0.0000
5,-0.7301,-0.03321
5,-0.7301,0.03321
5,-0.2699,-0.03321
5,-0.2699,0.03321
5,-0.7297,0.0000
5,-0.5000,0.0000
5,-0.2703,0.0000
5,-0.5000,-0.2243
5,-0.5000,0.2243
5,-0.7940,0.0000
5,-0.5469,0.0000
5,-0.5000,0.0000
5,-0.4531,0.0000
5,-0.2060,0.0000
5,-0.7311,0.0000
5,-0.5000,0.0000
5,-0.2689,0.0000
5,-0.5000,-0.2175
5,-0.5000,0.2175
5,-0.7098,0.0000
5,-0.5000,0.0000
5,-0.2902,0.0000
5,-0.5000,-0.1754
5,-0.5000,0.1754
5,-0.5000,0.0000
5,-0.6347,-0.07903
5,-0.6347,0.07903
5,-0.3653,-0.07903
5,-0.3653,0.07903
5,-0.5800,0.0000
5,-0.5000,0.0000
5,-0.4200,0.0000
5,-0.5000,-0.2007
5,-0.5000,0.2007
5,-0.5000,0.0000
5,-0.6885,-0.08527
5,-0.6885,0.08527
5,-0.3115,-0.08527
5,-0.3115,0.08527
5,-0.7978,0.0000
5,-0.6511,0.0000
5,-0.5000,0.0000
5,-0.3489,0.0000
5,-0.2022,0.0000
5,-0.5000,0.0000
5,-0.6813,-0.03739
5,-0.6813,0.03739
5,-0.3187,-0.03739
5,-0.3187,0.03739
5,-0.7803,0.0000
5,-0.5000,0.0000
5,-0.2197,0.0000
5,-0.5000,-0.000004905
5,-0.5000,0.000004905
5,-0.7458,0.0000
5,-0.5000,0.0000
5,-0.2542,0.0000
5,-0.5000,-0.2049
5,-0.5000,0.2049
5,-0.8150,0.0000
5,-0.6667,0.0000
5,-0.5000,0.0000
5,-0.3333,0.0000
5,-0.1850,0.0000
5,-0.5000,0.0000
5,-0.7033,-0.1193
5,-0.7033,0.1193
5,-0.2967,-0.1193
5,-0.2967,0.1193
5,-0.5000,0.0000
5,-0.6986,-0.1099
5,-0.6986,0.1099
5,-0.3014,-0.1099
5,-0.3014,0.1099
5,-0.8316,0.0000
5,-0.5406,0.0000
5,-0.5000,0.0000
5,-0.4594,0.0000
5,-0.1684,0.0000
5,-0.8044,0.0000
5,-0.5000,0.0000
5,-0.1956,0.0000
5,-0.5000,-0.1865
5,-0.5000,0.1865
5,-0.5000,0.0000
5,-0.5000,-0.1043
5,-0.5000,0.1043
5,-0.5000,-0.00001026
5,-0.5000,0.00001026
5,-0.5000,0.0000
5,-0.6648,-0.1898
5,-0.6648,0.1898
5,-0.3352,-0.1898
5,-0.3352,0.1898
5,-0.5000,0.0000
5,-0.6099,-0.1900
5,-0.6099,0.1900
5,-0.3901,-0.1900
5,-0.3901,0.1900
5,-0.5000,0.0000
5,-0.7009,-0.09307
5,-0.7009,0.09307
5,-0.2991,-0.09307
5,-0.2991,0.09307
5,-0.5000,0.0000
5,-0.6875,-0.1508
5,-0.6875,0.1508
5,-0.3125,-0.1508
5,-0.3125,0.1508
5,-0.5000,0.0000
5,-0.7273,-0.1826
5,-0.7273,0.1826
5,-0.2727,-0.1826
5,-0.2727,0.1826
5,-0.7914,0.0000
5,-0.5000,0.0000
5,-0.2086,0.0000
5,-0.5000,-0.09582
5,-0.5000,0.09582
5,-0.6000,0.0000
5,-0.5000,0.0000
5,-0.4000,0.0000
5,-0.5000,-0.00001091
5,-0.5000,0.00001091
5,-0.5000,0.0000
5,-0.6625,-0.09823
5,-0.6625,0.09823
5,-0.3375,-0.09823
5,-0.3375,0.09823
5,-0.5000,0.0000
5,-0.6157,-0.1658
5,-0.6157,0.1658
5,-0.3843,-0.1658
5,-0.3843,0.1658
5,-0.5000,0.0000
5,-0.7082,-0.09409
5,-0.7082,0.09409
5,-0.2918,-0.09409
5,-0.2918,0.09409
5,-0.5000,0.0000
5,-0.6915,-0.1155
5,-0.6915,0.1155
5,-0.3085,-0.1155
5,-0.3085,0.1155
5,-0.8081,0.0000
5,-0.6093,0.0000
5,-0.5000,0.0000
5,-0.3907,0.0000
5,-0.1919,0.0000
5,-0.8477,0.0000
5,-0.6361,0.0000
5,-0.5000,0.0000
5,-0.3639,0.0000
5,-0.1523,0.0000
5,-0.7742,0.0000
5,-0.5000,0.0000
5,-0.2258,0.0000
5,-0.5000,-0.1474
5,-0.5000,0.1474
5,-0.7731,0.0000
5,-0.5714,0.0000
5,-0.5000,0.0000
5,-0.4286,0.0000
5,-0.2269,0.0000
5,-0.6667,0.0000
5,-0.6000,0.0000
5,-0.5000,0.0000
5,-0.4000,0.0000
5,-0.3333,0.0000
5,-0.5000,0.0000
5,-0.6994,-0.04082
5,-0.6994,0.04082
5,-0.3006,-0.04082
5,-0.3006,0.04082
5,-0.5000,0.0000
5,-0.6282,-0.07870
5,-0.6282,0.07870
5,-0.3718,-0.07870
5,-0.3718,0.07870
5,-0.5000,0.0000
5,-0.6741,-0.1663
5,-0.6741,0.1663
5,-0.3259,-0.1663
5,-0.3259,0.1663
5,-0.5000,0.0000
5,-0.7170,-0.1056
5,-0.7170,0.1056
5,-0.2830,-0.1056
5,-0.2830,0.1056
5,-0.5000,0.0000
5,-0.7015,-0.1824
5,-0.7015,0.1824
5,-0.2985,-0.1824
5,-0.2985,0.1824
5,-0.5000,0.0000
5,-0.7290,-0.09725
5,-0.7290,0.09725
5,-0.2710,-0.09725
5,-0.2710,0.09725
5,-0.8480,0.0000
5,-0.6704,0.0000
5,-0.5000,0.0000
5,-0.3296,0.0000
5,-0.1520,0.0000
5,-0.5000,0.0000
5,-0.7164,-0.09275
5,-0.7164,0.09275
5,-0.2836,-0.09275
5,-0.2836,0.09275
5,-0.7292,0.0000
5,-0.6423,0.0000
5,-0.5000,0.0000
5,-0.3577,0.0000
5,-0.2708,0.0000
5,-0.6824,0.0000
5,-0.5000,0.0000
5,-0.3176,0.0000
5,-0.5000,-0.1237
5,-0.5000,0.1237
5,-0.5000,0.0000
5,-0.7439,-0.01595
5,-0.7439,0.01595
5,-0.2561,-0.01595
5,-0.2561,0.01595
5,-0.8232,0.0000
5,-0.6498,0.0000
5,-0.5000,0.0000
5,-0.3502,0.0000
5,-0.1768,0.0000
5,-0.7376,0.0000
5,-0.5000,0.0000
5,-0.2624,0.0000
5,-0.5000,-0.000005702
5,-0.5000,0.000005702
5,-0.6000,0.0000
5,-0.5000,0.0000
5,-0.4000,0.0000
5,-0.5000,-0.00001091
5,-0.5000,0.00001091
5,-0.8091,0.0000
5,-0.6602,0.0000
5,-0.5000,0.0000
5,-0.3398,0.0000
5,-0.1909,0.0000
5,-0.7611,0.0000
5,-0.6667,0.0000
5,-0.5000,0.0000
5,-0.3333,0.0000
5,-0.2389,0.0000
5,-0.8170,0.0000
5,-0.6609,0.0000
5,-0.5000,0.0000
5,-0.3391,0.0000
5,-0.1830,0.0000
5,-0.7376,0.0000
5,-0.6667,0.0000
5,-0.5000,0.0000
5,-0.3333,0.0000
5,-0.2624,0.0000
5,-0.5000,0.0000
5,-0.6814,-0.1892
5,-0.6814,0.1892
5,-0.3186,-0.1892
5,-0.3186,0.1892
5,-0.5000,0.0000
5,-0.7221,-0.06090
5,-0.7221,0.06090
5,-0.2779,-0.06090
5,-0.2779,0.06090
5,-0.5000,0.0000
5,-0.7065,-0.1405
5,-0.7065,0.1405
5,-0.2935,-0.1405
5,-0.2935,0.1405
5,-0.5000,0.0000
5,-0.7477,-0.2148
5,-0.7477,0.2148
5,-0.2523,-0.2148
5,-0.2523,0.2148
5,-0.5000,0.0000
5,-0.7357,-0.1059
5,-0.7357,0.1059
5,-0.2643,-0.1059
5,-0.2643,0.1059
5,-0.7731,0.0000
5,-0.7500,0.0000
5,-0.5000,0.0000
5,-0.2500,0.0000
5,-0.2269,0.0000
5,-0.8282,0.0000
5,-0.5000,0.0000
5,-0.1718,0.0000
5,-0.5000,-0.09041
5,-0.5000,0.09041
5,-0.7868,0.0000
5,-0.5000,0.0000
5,-0.2132,0.0000
5,-0.5000,-0.3295
5,-0.5000,0.3295
5,-0.8162,0.0000
5,-0.5000,0.0000
5,-0.1838,0.0000
5,-0.5000,-0.1239
5,-0.5000,0.1239
5,-0.8330,0.0000
5,-0.5000,0.0000
5,-0.1670,0.0000
5,-0.5000,-0.08804
5,-0.5000,0.08804
5,-0.7899,0.0000
5,-0.5000,0.0000
5,-0.2101,0.0000
5,-0.5000,-0.3259
5,-0.5000,0.3259
5,-0.7988,0.0000
5,-0.5000,0.0000
5,-0.2012,0.0000
5,-0.5000,-0.1600
5,-0.5000,0.1600
5,-0.7723,0.0000
5,-0.5000,0.0000
5,-0.2277,0.0000
5,-0.5000,-0.1155
5,-0.5000,0.1155
5,-0.7758,0.0000
5,-0.5000,0.0000
5,-0.2242,0.0000
5,-0.5000,-0.2031
5,-0.5000,0.2031
5,-0.8126,0.0000
5,-0.6318,0.0000
5,-0.5000,0.0000
5,-0.3682,0.0000
5,-0.1874,0.0000
5,-0.7859,0.0000
5,-0.5000,0.0000
5,-0.2141,0.0000
5,-0.5000,-0.1126
5,-0.5000,0.1126
5,-0.8220,0.0000
5,-0.6128,0.0000
5,-0.5000,0.0000
5,-0.3872,0.0000
5,-0.1780,0.0000
5,-0.7736,0.0000
5,-0.5000,0.0000
5,-0.2264,0.0000
5,-0.5000,-0.2518
5,-0.5000,0.2518
5,-0.8018,0.0000
5,-0.5000,0.0000
5,-0.1982,0.0000
5,-0.5000,-0.1273
5,-0.5000,0.1273
5,-0.7706,0.0000
5,-0.5000,0.0000
5,-0.2294,0.0000
5,-0.5000,-0.3189
5,-0.5000,0.3189
5,-0.8049,0.0000
5,-0.5000,0.0000
5,-0.1951,0.0000
5,-0.5000,-0.1050
5,-0.5000,0.1050
5,-0.7573,0.0000
5,-0.5000,0.0000
5,-0.2427,0.0000
5,-0.5000,-0.1171
5,-0.5000,0.1171
5,-0.7621,0.0000
5,-0.5000,0.0000
5,-0.2379,0.0000
5,-0.5000,-0.2366
5,-0.5000,0.2366
5,-0.8024,0.0000
5,-0.6029,0.0000
5,-0.5000,0.0000
5,-0.3971,0.0000
5,-0.1976,0.0000
5,-0.6667,0.0000
5,-0.5000,0.0000
5,-0.3333,0.0000
5,-0.5000,-0.1705
5,-0.5000,0.1705
5,-0.5689,0.0000
5,-0.5000,0.0000
5,-0.4311,0.0000
5,-0.5000,-0.3036
5,-0.5000,0.3036
5,-0.6213,0.0000
5,-0.5000,0.0000
5,-0.3787,0.0000
5,-0.5000,-0.1890
5,-0.5000,0.1890
5,-0.5000,0.0000
5,-0.6412,-0.09236
5,-0.6412,0.09236
5,-0.3588,-0.09236
5,-0.3588,0.09236
5,-0.5000,0.0000
5,-0.6465,-0.1396
5,-0.6465,0.1396
5,-0.3535,-0.1396
5,-0.3535,0.1396
5,-0.7459,0.0000
5,-0.5000,0.0000
5,-0.2541,0.0000
5,-0.5000,-0.1571
5,-0.5000,0.1571
5,-0.7121,0.0000
5,-0.5000,0.0000
5,-0.2879,0.0000
5,-0.5000,-0.2972
5,-0.5000,0.2972
5,-0.7121,0.0000
5,-0.5000,0.0000
5,-0.2879,0.0000
5,-0.5000,-0.2972
5,-0.5000,0.2972
5,-0.6578,0.0000
5,-0.5000,0.0000
5,-0.3422,0.0000
5,-0.5000,-0.2776
5,-0.5000,0.2776
5,-0.7264,0.0000
5,-0.5000,0.0000
5,-0.2736,0.0000
5,-0.5000,-0.2096
5,-0.5000,0.2096
5,-0.7262,0.0000
5,-0.5000,0.0000
5,-0.2738,0.0000
5,-0.5000,-0.1770
5,-0.5000,0.1770
5,-0.7475,0.0000
5,-0.5000,0.0000
5,-0.2525,0.0000
5,-0.5000,-0.1238
5,-0.5000,0.1238
5,-0.6771,0.0000
5,-0.5000,0.0000
5,-0.3229,0.0000
5,-0.5000,-0.2150
5,-0.5000,0.2150
5,-0.5000,0.0000
5,-0.6191,-0.1481
5,-0.6191,0.1481
5,-0.3809,-0.1481
5,-0.3809,0.1481
5,-0.7480,0.0000
5,-0.5000,0.0000
5,-0.2520,0.0000
5,-0.5000,-0.08844
5,-0.5000,0.08844
5,-0.6900,0.0000
5,-0.5392,0.0000
5,-0.5000,0.0000
5,-0.4608,0.0000
5,-0.3100,0.0000
5,-0.5000,0.0000
5,-0.6793,-0.03846
5,-0.6793,0.03846
5,-0.3207,-0.03846
5,-0.3207,0.03846
5,-0.6341,0.0000
5,-0.5000,0.0000
5,-0.3659,0.0000
5,-0.5000,-0.1612
5,-0.5000,0.1612
5,-0.5866,0.0000
5,-0.5000,0.0000
5,-0.4134,0.0000
5,-0.5000,-0.2115
5,-0.5000,0.2115
5,-0.5000,0.0000
5,-0.5000,-0.1890
5,-0.5000,-0.07293
5,-0.5000,0.07293
5,-0.5000,0.1890
5,-0.5000,0.0000
5,-0.6391,-0.1580
5,-0.6391,0.1580
5,-0.3609,-0.1580
5,-0.3609,0.1580
5,-0.5000,0.0000
5,-0.6411,-0.2667
5,-0.6411,0.2667
5,-0.3589,-0.2667
5,-0.3589,0.2667
5,-0.5000,0.0000
5,-0.6507,-0.1862
5,-0.6507,0.1862
5,-0.3493,-0.1862
5,-0.3493,0.1862
5,-0.5000,0.0000
5,-0.5000,-0.1682
5,-0.5000,-0.09645
5,-0.5000,0.09645
5,-0.5000,0.1682
5,-0.5000,0.0000
5,-0.6340,-0.1053
5,-0.6340,0.1053
5,-0.3660,-0.1053
5,-0.3660,0.1053
5,-0.5000,0.0000
5,-0.6492,-0.07833
5,-0.6492,0.07833
5,-0.3508,-0.07833
5,-0.3508,0.07833
5,-0.6963,0.0000
5,-0.5000,0.0000
5,-0.3037,0.0000
5,-0.5000,-0.1231
5,-0.5000,0.1231
5,-0.5000,0.0000
5,-0.6674,-0.04271
5,-0.6674,0.04271
5,-0.3326,-0.04271
5,-0.3326,0.04271
5,-0.5000,0.0000
5,-0.6412,-0.09236
5,-0.6412,0.09236
5,-0.3588,-0.09236
5,-0.3588,0.09236
5,-0.5000,0.0000
5,-0.5000,-0.2192
5,-0.5000,-0.1004
5,-0.5000,0.1004
5,-0.5000,0.2192
5,-0.5000,0.0000
5,-0.6144,-0.1954
5,-0.6144,0.1954
5,-0.3856,-0.1954
5,-0.3856,0.1954
5,-0.5000,0.0000
5,-0.6030,-0.2125
5,-0.6030,0.2125
5,-0.3970,-0.2125
5,-0.3970,0.2125
5,-0.5000,0.0000
5,-0.6622,-0.1475
5,-0.6622,0.1475
5,-0.3378,-0.1475
5,-0.3378,0.1475
5,-0.5000,0.0000
5,-0.6184,-0.1293
5,-0.6184,0.1293
5,-0.3816,-0.1293
5,-0.3816,0.1293
5,-0.6667,0.0000
5,-0.5000,0.0000
5,-0.3333,0.0000
5,-0.5000,-0.1291
5,-0.5000,0.1291
5,-0.5000,0.0000
5,-0.5601,-0.1194
5,-0.5601,0.1194
5,-0.4399,-0.1194
5,-0.4399,0.1194
5,-0.5000,0.0000
5,-0.6443,-0.1558
5,-0.6443,0.1558
5,-0.3557,-0.1558
5,-0.3557,0.1558
5,-0.5000,0.0000
5,-0.6431,-0.2079
5,-0.6431,0.2079
5,-0.3569,-0.2079
5,-0.3569,0.2079
5,-0.5000,0.0000
5,-0.6675,-0.1303
5,-0.6675,0.1303
5,-0.3325,-0.1303
5,-0.3325,0.1303
5,-0.5000,0.0000
5,-0.6689,-0.1507
5,-0.6689,0.1507
5,-0.3311,-0.1507
5,-0.3311,0.1507
5,-0.5000,0.0000
5,-0.5938,-0.07065
5,-0.5938,0.07065
5,-0.4062,-0.07065
5,-0.4062,0.07065
5,-0.5000,0.0000
5,-0.6511,-0.1978
5,-0.6511,0.1978
5,-0.3489,-0.1978
5,-0.3489,0.1978
5,-0.5000,0.0000
5,-0.6976,-0.1368
5,-0.6976,0.1368
5,-0.3024,-0.1368
5,-0.3024,0.1368
5,-0.5000,0.0000
5,-0.6376,-0.06237
5,-0.6376,0.06237
5,-0.3624,-0.06237
5,-0.3624,0.06237
5,-0.5000,0.0000
5,-0.6508,-0.1530
5,-0.6508,0.1530
5,-0.3492,-0.1530
5,-0.3492,0.1530
5,-0.5000,0.0000
5,-0.6827,-0.2962
5,-0.6827,0.2962
5,-0.3173,-0.2962
5,-0.3173,0.2962
5,-0.5000,0.0000
5,-0.6650,-0.2320
5,-0.6650,0.2320
5,-0.3350,-0.2320
5,-0.3350,0.2320
5,-0.5714,0.0000
5,-0.5000,0.0000
5,-0.4286,0.0000
5,-0.5000,-0.2303
5,-0.5000,0.2303
5,-0.5000,0.0000
5,-0.6622,-0.2026
5,-0.6622,0.2026
5,-0.3378,-0.2026
5,-0.3378,0.2026
5,-0.5000,0.0000
5,-0.6224,-0.09344
5,-0.6224,0.09344
5,-0.3776,-0.09344
5,-0.3776,0.09344
5,-0.5000,0.0000
5,-0.6412,-0.09236
5,-0.6412,0.09236
5,-0.3588,-0.09236
5,-0.3588,0.09236
5,-0.5000,0.0000
5,-0.6042,-0.1417
5,-0.6042,0.1417
5,-0.3958,-0.1417
5,-0.3958,0.1417
5,-0.5000,0.0000
5,-0.6736,-0.05851
5,-0.6736,0.05851
5,-0.3264,-0.05851
5,-0.3264,0.05851
5,-0.5893,0.0000
5,-0.5000,0.0000
5,-0.4107,0.0000
5,-0.5000,-0.2166
5,-0.5000,0.2166
5,-0.5000,0.0000
5,-0.6683,-0.07400
5,-0.6683,0.07400
5,-0.3317,-0.07400
5,-0.3317,0.07400
5,-0.7500,0.0000
5,-0.5000,0.0000
5,-0.2500,0.0000
5,-0.5000,-0.000005454
5,-0.5000,0.000005454
5,-0.7099,0.0000
5,-0.5000,0.0000
5,-0.2901,0.0000
5,-0.5000,-0.2705
5,-0.5000,0.2705
5,-0.7306,0.0000
5,-0.5653,0.0000
5,-0.5000,0.0000
5,-0.4347,0.0000
5,-0.2694,0.0000
5,-0.7023,0.0000
5,-0.5000,0.0000
5,-0.2977,0.0000
5,-0.5000,-0.1627
5,-0.5000,0.1627
5,-0.5000,0.0000
5,-0.6289,-0.06063
5,-0.6289,0.06063
5,-0.3711,-0.06063
5,-0.3711,0.06063
5,-0.7322,0.0000
5,-0.6667,0.0000
5,-0.5000,0.0000
5,-0.3333,0.0000
5,-0.2678,0.0000
5,-0.8089,0.0000
5,-0.5000,0.0000
5,-0.1911,0.0000
5,-0.5000,-0.1204
5,-0.5000,0.1204
5,-0.7723,0.0000
5,-0.5000,0.0000
5,-0.2277,0.0000
5,-0.5000,-0.3246
5,-0.5000,0.3246
5,-0.7921,0.0000
5,-0.5000,0.0000
5,-0.2079,0.0000
5,-0.5000,-0.1113
5,-0.5000,0.1113
5,-0.7337,0.0000
5,-0.5000,0.0000
5,-0.2663,0.0000
5,-0.5000,-0.3114
5,-0.5000,0.3114
5,-0.7621,0.0000
5,-0.5000,0.0000
5,-0.2379,0.0000
5,-0.5000,-0.2030
5,-0.5000,0.2030
5,-0.7769,0.0000
5,-0.5000,0.0000
5,-0.2231,0.0000
5,-0.5000,-0.1556
5,-0.5000,0.1556
5,-0.7337,0.0000
5,-0.5000,0.0000
5,-0.2663,0.0000
5,-0.5000,-0.3114
5,-0.5000,0.3114
5,-0.5921,0.0000
5,-0.5000,0.0000
5,-0.4079,0.0000
5,-0.5000,-0.2676
5,-0.5000,0.2676
5,-0.5000,0.0000
5,-0.6468,-0.06310
5,-0.6468,0.06310
5,-0.3532,-0.06310
5,-0.3532,0.06310
5,-0.7254,0.0000
5,-0.5000,0.0000
5,-0.2746,0.0000
5,-0.5000,-0.2143
5,-0.5000,0.2143
5,-0.7952,0.0000
5,-0.5756,0.0000
5,-0.5000,0.0000
5,-0.4244,0.0000
5,-0.2048,0.0000
5,-0.8241,0.0000
5,-0.5958,0.0000
5,-0.5000,0.0000
5,-0.4042,0.0000
5,-0.1759,0.0000
5,-0.7750,0.0000
5,-0.5000,0.0000
5,-0.2250,0.0000
5,-0.5000,-0.2728
5,-0.5000,0.2728
5,-0.7751,0.0000
5,-0.5765,0.0000
5,-0.5000,0.0000
5,-0.4235,0.0000
5,-0.2249,0.0000
5,-0.7566,0.0000
5,-0.5000,0.0000
5,-0.2434,0.0000
5,-0.5000,-0.1658
5,-0.5000,0.1658
5,-0.7611,0.0000
5,-0.5000,0.0000
5,-0.2389,0.0000
5,-0.5000,-0.2236
5,-0.5000,0.2236
5,-0.8059,0.0000
5,-0.6069,0.0000
5,-0.5000,0.0000
5,-0.3931,0.0000
5,-0.1941,0.0000
5,-0.7381,0.0000
5,-0.5000,0.0000
5,-0.2619,0.0000
5,-0.5000,-0.2381
5,-0.5000,0.2381
5,-0.8017,0.0000
5,-0.6437,0.0000
5,-0.5000,0.0000
5,-0.3563,0.0000
5,-0.1983,0.0000
5,-0.7041,0.0000
5,-0.5000,0.0000
5,-0.2959,0.0000
5,-0.5000,-0.1508
5,-0.5000,0.1508
5,-0.6937,0.0000
5,-0.5000,0.0000
5,-0.3063,0.0000
5,-0.5000,-0.1441
5,-0.5000,0.1441
5,-0.7176,0.0000
5,-0.5000,0.0000
5,-0.2824,0.0000
5,-0.5000,-0.1339
5,-0.5000,0.1339
5,-0.6691,0.0000
5,-0.6667,0.0000
5,-0.5000,0.0000
5,-0.3333,0.0000
5,-0.3309,0.0000
5,-0.6380,0.0000
5,-0.5000,0.0000
5,-0.3620,0.0000
5,-0.5000,-0.1846
5,-0.5000,0.1846
5,-0.5000,0.0000
5,-0.7021,-0.07469
5,-0.7021,0.07469
5,-0.2979,-0.07469
5,-0.2979,0.07469
5,-0.7791,0.0000
5,-0.6460,0.0000
5,-0.5000,0.0000
5,-0.3540,0.0000
5,-0.2209,0.0000
5,-0.7641,0.0000
5,-0.5790,0.0000
5,-0.5000,0.0000
5,-0.4210,0.0000
5,-0.2359,0.0000
5,-0.7259,0.0000
5,-0.5000,0.0000
5,-0.2741,0.0000
5,-0.5000,-0.2119
5,-0.5000,0.2119
5,-0.7803,0.0000
5,-0.5000,0.0000
5,-0.2197,0.0000
5,-0.5000,-0.000004905
5,-0.5000,0.000004905
5,-0.7936,0.0000
5,-0.5000,0.0000
5,-0.2064,0.0000
5,-0.5000,-0.06734
5,-0.5000,0.06734
5,-0.6441,0.0000
5,-0.5000,0.0000
5,-0.3559,0.0000
5,-0.5000,-0.2328
5,-0.5000,0.2328
5,-0.5000,0.0000
5,-0.6538,-0.04349
5,-0.6538,0.04349
5,-0.3462,-0.04349
5,-0.3462,0.04349
5,-0.5000,0.0000
5,-0.7068,-0.07935
5,-0.7068,0.07935
5,-0.2932,-0.07935
5,-0.2932,0.07935
5,-0.7520,0.0000
5,-0.5000,0.0000
5,-0.2480,0.0000
5,-0.5000,-0.2023
5,-0.5000,0.2023
5,-0.8113,0.0000
5,-0.6667,0.0000
5,-0.5000,0.0000
5,-0.3333,0.0000
5,-0.1887,0.0000
5,-0.7970,0.0000
5,-0.6218,0.0000
5,-0.5000,0.0000
5,-0.3782,0.0000
5,-0.2030,0.0000
5,-0.7575,0.0000
5,-0.5000,0.0000
5,-0.2425,0.0000
5,-0.5000,-0.2017
5,-0.5000,0.2017
5,-0.5000,0.0000
5,-0.6828,-0.1140
5,-0.6828,0.1140
5,-0.3172,-0.1140
5,-0.3172,0.1140
5,-0.5000,0.0000
5,-0.5000,-0.2282
5,-0.5000,-0.06192
5,-0.5000,0.06192
5,-0.5000,0.2282
5,-0.6667,0.0000
5,-0.5000,0.0000
5,-0.3333,0.0000
5,-0.5000,-0.1043
5,-0.5000,0.1043
5,-0.5000,0.0000
5,-0.5852,-0.08894
5,-0.5852,0.08894
5,-0.4148,-0.08894
5,-0.4148,0.08894
5,-0.5000,0.0000
5,-0.6309,-0.1892
5,-0.6309,0.1892
5,-0.3691,-0.1892
5,-0.3691,0.1892
5,-0.5000,0.0000
5,-0.6673,-0.08600
5,-0.6673,0.08600
5,-0.3327,-0.08600
5,-0.3327,0.08600
5,-0.5000,0.0000
5,-0.6836,-0.1348
5,-0.6836,0.1348
5,-0.3164,-0.1348
5,-0.3164,0.1348
5,-0.5000,0.0000
5,-0.6504,-0.2206
5,-0.6504,0.2206
5,-0.3496,-0.2206
5,-0.3496,0.2206
5,-0.5000,0.0000
5,-0.6504,-0.2206
5,-0.6504,0.2206
5,-0.3496,-0.2206
5,-0.3496,0.2206
5,-0.5000,0.0000
5,-0.6761,-0.1101
5,-0.6761,0.1101
5,-0.3239,-0.1101
5,-0.3239,0.1101
5,-0.5000,0.0000
5,-0.6859,-0.1264
5,-0.6859,0.1264
5,-0.3141,-0.1264
5,-0.3141,0.1264
5,-0.6953,0.0000
5,-0.5000,0.0000
5,-0.3047,0.0000
5,-0.5000,-0.2175
5,-0.5000,0.2175
5,-0.6990,0.0000
5,-0.5000,0.0000
5,-0.3010,0.0000
5,-0.5000,-0.2538
5,-0.5000,0.2538
5,-0.7376,0.0000
5,-0.5000,0.0000
5,-0.2624,0.0000
5,-0.5000,-0.000005702
5,-0.5000,0.000005702
5,-0.7372,0.0000
5,-0.5860,0.0000
5,-0.5000,0.0000
5,-0.4140,0.0000
5,-0.2628,0.0000
5,-0.5000,0.0000
5,-0.6536,-0.2021
5,-0.6536,0.2021
5,-0.3464,-0.2021
5,-0.3464,0.2021
5,-0.7132,0.0000
5,-0.5000,0.0000
5,-0.2868,0.0000
5,-0.5000,-0.1563
5,-0.5000,0.1563
5,-0.7595,0.0000
5,-0.5000,0.0000
5,-0.2405,0.0000
5,-0.5000,-0.1760
5,-0.5000,0.1760
5,-0.6667,0.0000
5,-0.5000,0.0000
5,-0.3333,0.0000
5,-0.5000,-0.1466
5,-0.5000,0.1466
5,-0.6667,0.0000
5,-0.6286,0.0000
5,-0.5000,0.0000
5,-0.3714,0.0000
5,-0.3333,0.0000
5,-0.5000,0.0000
5,-0.6839,-0.1595
5,-0.6839,0.1595
5,-0.3161,-0.1595
5,-0.3161,0.1595
5,-0.7127,0.0000
5,-0.6667,0.0000
5,-0.5000,0.0000
5,-0.3333,0.0000
5,-0.2873,0.0000
5,-0.5000,0.0000
5,-0.6806,-0.1844
5,-0.6806,0.1844
5,-0.3194,-0.1844
5,-0.3194,0.1844
5,-0.5000,0.0000
5,-0.6890,-0.06374
5,-0.6890,0.06374
5,-0.3110,-0.06374
5,-0.3110,0.06374
5,-0.5000,0.0000
5,-0.6858,-0.07708
5,-0.6858,0.07708
5,-0.3142,-0.07708
5,-0.3142,0.07708
5,-0.5000,0.0000
5,-0.5876,-0.1327
5,-0.5876,0.1327
5,-0.4124,-0.1327
5,-0.4124,0.1327
5,-0.5000,0.0000
5,-0.5385,-0.1332
5,-0.5385,0.1332
5,-0.4615,-0.1332
5,-0.4615,0.1332
5,-0.5000,0.0000
5,-0.6477,-0.1815
5,-0.6477,0.1815
5,-0.3523,-0.1815
5,-0.3523,0.1815
5,-0.5000,0.0000
5,-0.6411,-0.2667
5,-0.6411,0.2667
5,-0.3589,-0.2667
5,-0.3589,0.2667
5,-0.5000,0.0000
5,-0.6557,-0.1773
5,-0.6557,0.1773
5,-0.3443,-0.1773
5,-0.3443,0.1773
5,-0.5000,0.0000
5,-0.6197,-0.2065
5,-0.6197,0.2065
5,-0.3803,-0.2065
5,-0.3803,0.2065
5,-0.5000,0.0000
5,-0.6577,-0.1426
5,-0.6577,0.1426
5,-0.3423,-0.1426
5,-0.3423,0.1426
5,-0.5000,0.0000
5,-0.6785,-0.1573
5,-0.6785,0.1573
5,-0.3215,-0.1573
5,-0.3215,0.1573
5,-0.5000,0.0000
5,-0.6539,-0.1201
5,-0.6539,0.1201
5,-0.3461,-0.1201
5,-0.3461,0.1201
5,-0.5000,0.0000
5,-0.6380,-0.03923
5,-0.6380,0.03923
5,-0.3620,-0.03923
5,-0.3620,0.03923
5,-0.5000,0.0000
5,-0.6957,-0.1050
5,-0.6957,0.1050
5,-0.3043,-0.1050
5,-0.3043,0.1050
5,-0.5000,0.0000
5,-0.6655,-0.06103
5,-0.6655,0.06103
5,-0.3345,-0.06103
5,-0.3345,0.06103
5,-0.5000,0.0000
5,-0.5000,-0.1730
5,-0.5000,-0.04959
5,-0.5000,0.04959
5,-0.5000,0.1730
5,-0.5000,0.0000
5,-0.5000,-0.2478
5,-0.5000,-0.1181
5,-0.5000,0.1181
5,-0.5000,0.2478
5,-0.5000,0.0000
5,-0.6106,-0.1305
5,-0.6106,0.1305
5,-0.3894,-0.1305
5,-0.3894,0.1305
5,-0.5000,0.0000
5,-0.6309,-0.2139
5,-0.6309,0.2139
5,-0.3691,-0.2139
5,-0.3691,0.2139
5,-0.5000,0.0000
5,-0.6256,-0.1176
5,-0.6256,0.1176
5,-0.3744,-0.1176
5,-0.3744,0.1176
5,-0.6667,0.0000
5,-0.5000,0.0000
5,-0.3333,0.0000
5,-0.5000,-0.1705
5,-0.5000,0.1705
5,-0.5000,0.0000
5,-0.6090,-0.1972
5,-0.6090,0.1972
5,-0.3910,-0.1972
5,-0.3910,0.1972
5,-0.5000,0.0000
5,-0.6412,-0.09236
5,-0.6412,0.09236
5,-0.3588,-0.09236
5,-0.3588,0.09236
5,-0.5000,0.0000
5,-0.6429,-0.1637
5,-0.6429,0.1637
5,-0.3571,-0.1637
5,-0.3571,0.1637
5,-0.5000,0.0000
5,-0.6015,-0.2255
5,-0.6015,0.2255
5,-0.3985,-0.2255
5,-0.3985,0.2255
5,-0.5000,0.0000
5,-0.6336,-0.1745
5,-0.6336,0.1745
5,-0.3664,-0.1745
5,-0.3664,0.1745
5,-0.5000,0.0000
5,-0.6757,-0.05766
5,-0.6757,0.05766
5,-0.3243,-0.05766
5,-0.3243,0.05766
5,-0.5000,0.0000
5,-0.6739,-0.07188
5,-0.6739,0.07188
5,-0.3261,-0.07188
5,-0.3261,0.07188
5,-0.5000,0.0000
5,-0.5836,-0.1641
5,-0.5836,0.1641
5,-0.4164,-0.1641
5,-0.4164,0.1641
5,-0.5000,0.0000
5,-0.6105,-0.1672
5,-0.6105,0.1672
5,-0.3895,-0.1672
5,-0.3895,0.1672
5,-0.5000,0.0000
5,-0.6478,-0.1222
5,-0.6478,0.1222
5,-0.3522,-0.1222
5,-0.3522,0.1222
5,-0.7376,0.0000
5,-0.5000,0.0000
5,-0.2624,0.0000
5,-0.5000,-0.000005702
5,-0.5000,0.000005702
5,-0.6981,0.0000
5,-0.5000,0.0000
5,-0.3019,0.0000
5,-0.5000,-0.2620
5,-0.5000,0.2620
5,-0.7019,0.0000
5,-0.5000,0.0000
5,-0.2981,0.0000
5,-0.5000,-0.07849
5,-0.5000,0.07849
5,-0.5000,0.0000
5,-0.6728,-0.07232
5,-0.6728,0.07232
5,-0.3272,-0.07232
5,-0.3272,0.07232
5,-0.5000,0.0000
5,-0.5938,-0.07065
5,-0.5938,0.07065
5,-0.4062,-0.07065
5,-0.4062,0.07065
5,-0.7221,0.0000
5,-0.6667,0.0000
5,-0.5000,0.0000
5,-0.3333,0.0000
5,-0.2779,0.0000
5,-0.5000,0.0000
5,-0.6524,-0.1206
5,-0.6524,0.1206
5,-0.3476,-0.1206
5,-0.3476,0.1206
5,-0.5000,0.0000
5,-0.6836,-0.1348
5,-0.6836,0.1348
5,-0.3164,-0.1348
5,-0.3164,0.1348
5,-0.5000,0.0000
5,-0.6195,-0.2247
5,-0.6195,0.2247
5,-0.3805,-0.2247
5,-0.3805,0.2247
5,-0.5000,0.0000
5,-0.6570,-0.1099
5,-0.6570,0.1099
5,-0.3430,-0.1099
5,-0.3430,0.1099
5,-0.5000,0.0000
5,-0.6021,-0.1773
5,-0.6021,0.1773
5,-0.3979,-0.1773
5,-0.3979,0.1773
5,-0.5000,0.0000
5,-0.6172,-0.2075
5,-0.6172,0.2075
5,-0.3828,-0.2075
5,-0.3828,0.2075
5,-0.5000,0.0000
5,-0.6638,-0.1322
5,-0.6638,0.1322
5,-0.3362,-0.1322
5,-0.3362,0.1322
5,-0.5000,0.0000
5,-0.6042,-0.1417
5,-0.6042,0.1417
5,-0.3958,-0.1417
5,-0.3958,0.1417
5,-0.5000,0.0000
5,-0.6848,-0.2120
5,-0.6848,0.2120
5,-0.3152,-0.2120
5,-0.3152,0.2120
5,-0.5000,0.0000
5,-0.6750,-0.1107
5,-0.6750,0.1107
5,-0.3250,-0.1107
5,-0.3250,0.1107
5,-0.5000,0.0000
5,-0.6693,-0.1693
5,-0.6693,0.1693
5,-0.3307,-0.1693
5,-0.3307,0.1693
5,-0.5000,0.0000
5,-0.7009,-0.09307
5,-0.7009,0.09307
5,-0.2991,-0.09307
5,-0.2991,0.09307
5,-0.5000,0.0000
5,-0.5607,-0.1764
5,-0.5607,0.1764
5,-0.4393,-0.1764
5,-0.4393,0.1764
5,-0.5000,0.0000
5,-0.6369,-0.1865
5,-0.6369,0.1865
5,-0.3631,-0.1865
5,-0.3631,0.1865
5,-0.5000,0.0000
5,-0.6411,-0.2667
5,-0.6411,0.2667
5,-0.3589,-0.2667
5,-0.3589,0.2667
5,-0.5000,0.0000
5,-0.6450,-0.1952
5,-0.6450,0.1952
5,-0.3550,-0.1952
5,-0.3550,0.1952
5,-0.5000,0.0000
5,-0.5633,-0.1456
5,-0.5633,0.1456
5,-0.4367,-0.1456
5,-0.4367,0.1456
5,-0.5000,0.0000
5,-0.6157,-0.1658
5,-0.6157,0.1658
5,-0.3843,-0.1658
5,-0.3843,0.1658
5,-0.5000,0.0000
5,-0.6297,-0.1271
5,-0.6297,0.1271
5,-0.3703,-0.1271
5,-0.3703,0.1271
5,-0.5000,0.0000
5,-0.6524,-0.1524
5,-0.6524,0.1524
5,-0.3476,-0.1524
5,-0.3476,0.1524
5,-0.7487,0.0000
5,-0.5000,0.0000
5,-0.2513,0.0000
5,-0.5000,-0.1193
5,-0.5000,0.1193
5,-0.5000,0.0000
5,-0.5846,-0.1059
5,-0.5846,0.1059
5,-0.4154,-0.1059
5,-0.4154,0.1059
5,-0.5000,0.0000
5,-0.6709,-0.04184
5,-0.6709,0.04184
5,-0.3291,-0.04184
5,-0.3291,0.04184
5,-0.5000,0.0000
5,-0.5742,-0.1332
5,-0.5742,0.1332
5,-0.4258,-0.1332
5,-0.4258,0.1332
5,-0.5000,0.0000
5,-0.6528,-0.1660
5,-0.6528,0.1660
5,-0.3472,-0.1660
5,-0.3472,0.1660
5,-0.5000,0.0000
5,-0.6649,-0.1068
5,-0.6649,0.1068
5,-0.3351,-0.1068
5,-0.3351,0.1068
5,-0.5000,0.0000
5,-0.6504,-0.2206
5,-0.6504,0.2206
5,-0.3496,-0.2206
5,-0.3496,0.2206
5,-0.5000,0.0000
5,-0.6601,-0.1686
5,-0.6601,0.1686
5,-0.3399,-0.1686
5,-0.3399,0.1686
5,-0.5000,0.0000
5,-0.5844,-0.1893
5,-0.5844,0.1893
5,-0.4156,-0.1893
5,-0.4156,0.1893
5,-0.5000,0.0000
5,-0.6360,-0.1433
5,-0.6360,0.1433
5,-0.3640,-0.1433
5,-0.3640,0.1433
5,-0.5000,0.0000
5,-0.6558,-0.1709
5,-0.6558,0.1709
5,-0.3442,-0.1709
5,-0.3442,0.1709
5,-0.5000,0.0000
5,-0.6360,-0.1433
5,-0.6360,0.1433
5,-0.3640,-0.1433
5,-0.3640,0.1433
5,-0.7472,0.0000
5,-0.6300,0.0000
5,-0.5000,0.0000
5,-0.3700,0.0000
5,-0.2528,0.0000
5,-0.7059,0.0000
5,-0.5000,0.0000
5,-0.2941,0.0000
5,-0.5000,-0.2532
5,-0.5000,0.2532
5,-0.5000,0.0000
5,-0.5982,-0.1201
5,-0.5982,0.1201
5,-0.4018,-0.1201
5,-0.4018,0.1201
5,-0.5000,0.0000
5,-0.5629,-0.1334
5,-0.5629,0.1334
5,-0.4371,-0.1334
5,-0.4371,0.1334
5,-0.5000,0.0000
5,-0.6477,-0.1815
5,-0.6477,0.1815
5,-0.3523,-0.1815
5,-0.3523,0.1815
5,-0.5000,0.0000
5,-0.6697,-0.2335
5,-0.6697,0.2335
5,-0.3303,-0.2335
5,-0.3303,0.2335
5,-0.5000,0.0000
5,-0.6910,-0.08357
5,-0.6910,0.08357
5,-0.3090,-0.08357
5,-0.3090,0.08357
5,-0.5000,0.0000
5,-0.6572,-0.2165
5,-0.6572,0.2165
5,-0.3428,-0.2165
5,-0.3428,0.2165
5,-0.5000,0.0000
5,-0.6621,-0.1168
5,-0.6621,0.1168
5,-0.3379,-0.1168
5,-0.3379,0.1168
5,-0.5000,0.0000
5,-0.6791,-0.1309
5,-0.6791,0.1309
5,-0.3209,-0.1309
5,-0.3209,0.1309
5,-0.5000,0.0000
5,-0.6577,-0.1426
5,-0.6577,0.1426
5,-0.3423,-0.1426
5,-0.3423,0.1426
5,-0.5000,0.0000
5,-0.6888,-0.05040
5,-0.6888,0.05040
5,-0.3112,-0.05040
5,-0.3112,0.05040
5,-0.5000,0.0000
5,-0.5000,0.0000
5,-0.6772,-0.08177
5,-0.6772,0.08177
5,-0.3228,-0.08177
5,-0.3228,0.08177
5,-0.5000,0.0000
5,-0.6570,-0.1099
5,-0.6570,0.1099
5,-0.3430,-0.1099
5,-0.3430,0.1099
5,-0.7669,0.0000
5,-0.5000,0.0000
5,-0.2331,0.0000
5,-0.5000,-0.08402
5,-0.5000,0.08402
5,-0.5000,0.0000
5,-0.5788,-0.1446
5,-0.5788,0.1446
5,-0.4212,-0.1446
5,-0.4212,0.1446
5,-0.6667,0.0000
5,-0.5714,0.0000
5,-0.5000,0.0000
5,-0.4286,0.0000
5,-0.3333,0.0000
5,-0.5000,0.0000
5,-0.6647,-0.1157
5,-0.6647,0.1157
5,-0.3353,-0.1157
5,-0.3353,0.1157
5,-0.5000,0.0000
5,-0.6730,-0.1670
5,-0.6730,0.1670
5,-0.3270,-0.1670
5,-0.3270,0.1670
5,-0.5000,0.0000
5,-0.6763,-0.03990
5,-0.6763,0.03990
5,-0.3237,-0.03990
5,-0.3237,0.03990
5,-0.5000,0.0000
5,-0.6621,-0.1168
5,-0.6621,0.1168
5,-0.3379,-0.1168
5,-0.3379,0.1168
5,-0.5000,0.0000
5,-0.6493,-0.1537
5,-0.6493,0.1537
5,-0.3507,-0.1537
5,-0.3507,0.1537
5,-0.5000,0.0000
5,-0.6932,-0.07202
5,-0.6932,0.07202
5,-0.3068,-0.07202
5,-0.3068,0.07202
5,-0.5000,0.0000
5,-0.6923,-0.1149
5,-0.6923,0.1149
5,-0.3077,-0.1149
5,-0.3077,0.1149
5,-0.5000,0.0000
5,-0.6757,-0.05766
5,-0.6757,0.05766
5,-0.3243,-0.05766
5,-0.3243,0.05766
5,-0.5000,0.0000
5,-0.6730,-0.1670
5,-0.6730,0.1670
5,-0.3270,-0.1670
5,-0.3270,0.1670
5,-0.5000,0.0000
5,-0.6863,-0.2666
5,-0.6863,0.2666
5,-0.3137,-0.2666
5,-0.3137,0.2666
5,-0.5000,0.0000
5,-0.6788,-0.1965
5,-0.6788,0.1965
5,-0.3212,-0.1965
5,-0.3212,0.1965
5,-0.5000,0.0000
5,-0.7146,-0.07954
5,-0.7146,0.07954
5,-0.2854,-0.07954
5,-0.2854,0.07954
5,-0.5000,0.0000
5,-0.6440,-0.1322
5,-0.6440,0.1322
5,-0.3560,-0.1322
5,-0.3560,0.1322
5,-0.5000,0.0000
5,-0.6640,-0.2174
5,-0.6640,0.2174
5,-0.3360,-0.2174
5,-0.3360,0.2174
5,-0.5000,0.0000
5,-0.6827,-0.2962
5,-0.6827,0.2962
5,-0.3173,-0.2962
5,-0.3173,0.2962
5,-0.5000,0.0000
5,-0.6868,-0.2390
5,-0.6868,0.2390
5,-0.3132,-0.2390
5,-0.3132,0.2390
5,-0.5000,0.0000
5,-0.6739,-0.1112
5,-0.6739,0.1112
5,-0.3261,-0.1112
5,-0.3261,0.1112
5,-0.5000,0.0000
5,-0.6791,-0.1309
5,-0.6791,0.1309
5,-0.3209,-0.1309
5,-0.3209,0.1309
5,-0.5000,0.0000
5,-0.6834,-0.1477
5,-0.6834,0.1477
5,-0.3166,-0.1477
5,-0.3166,0.1477
5,-0.5000,0.0000
5,-0.6625,-0.09823
5,-0.6625,0.09823
5,-0.3375,-0.09823
5,-0.3375,0.09823
5,-0.5000,0.0000
5,-0.5836,-0.1641
5,-0.5836,0.1641
5,-0.4164,-0.1641
5,-0.4164,0.1641
5,-0.5000,0.0000
5,-0.6870,-0.1740
5,-0.6870,0.1740
5,-0.3130,-0.1740
5,-0.3130,0.1740
5,-0.5000,0.0000
5,-0.6849,-0.1587
5,-0.6849,0.1587
5,-0.3151,-0.1587
5,-0.3151,0.1587
5,-0.5000,0.0000
5,-0.6999,-0.06660
5,-0.6999,0.06660
5,-0.3001,-0.06660
5,-0.3001,0.06660
5,-0.5000,0.0000
5,-0.6465,-0.1396
5,-0.6465,0.1396
5,-0.3535,-0.1396
5,-0.3535,0.1396
5,-0.7862,0.0000
5,-0.6667,0.0000
5,-0.5000,0.0000
5,-0.3333,0.0000
5,-0.2138,0.0000
5,-0.8049,0.0000
5,-0.6448,0.0000
5,-0.5000,0.0000
5,-0.3552,0.0000
5,-0.1951,0.0000
5,-0.7076,0.0000
5,-0.5000,0.0000
5,-0.2924,0.0000
5,-0.5000,-0.000006379
5,-0.5000,0.000006379
5,-0.6667,0.0000
5,-0.5000,0.0000
5,-0.3333,0.0000
5,-0.5000,-0.2402
5,-0.5000,0.2402
5,-0.6667,0.0000
5,-0.5000,0.0000
5,-0.3333,0.0000
5,-0.7716,0.0000
5,-0.6433,0.0000
5,-0.5000,0.0000
5,-0.3567,0.0000
5,-0.2284,0.0000
5,-0.7193,0.0000
5,-0.5000,0.0000
5,-0.2807,0.0000
5,-0.5000,-0.2107
5,-0.5000,0.2107
5,-0.5000,0.0000
5,-0.6397,-0.1043
5,-0.6397,0.1043
5,-0.3603,-0.1043
5,-0.3603,0.1043
5,-0.6987,0.0000
5,-0.6667,0.0000
5,-0.5000,0.0000
5,-0.3333,0.0000
5,-0.3013,0.0000
5,-0.6387,0.0000
5,-0.5000,0.0000
5,-0.3613,0.0000
5,-0.5000,-0.000008658
5,-0.5000,0.000008658
5,-0.7159,0.0000
5,-0.6667,0.0000
5,-0.5000,0.0000
5,-0.3333,0.0000
5,-0.2841,0.0000
5,-0.5000,0.0000
5,-0.6932,-0.07202
5,-0.6932,0.07202
5,-0.3068,-0.07202
5,-0.3068,0.07202
5,-0.5000,0.0000
5,-0.7119,-0.09767
5,-0.7119,0.09767
5,-0.2881,-0.09767
5,-0.2881,0.09767
5,-0.5000,0.0000
5,-0.7002,-0.09367
5,-0.7002,0.09367
5,-0.2998,-0.09367
5,-0.2998,0.09367
5,-0.5000,0.0000
5,-0.6496,-0.1741
5,-0.6496,0.1741
5,-0.3504,-0.1741
5,-0.3504,0.1741
5,-0.5000,0.0000
5,-0.7019,-0.1206
5,-0.7019,0.1206
5,-0.2981,-0.1206
5,-0.2981,0.1206
5,-0.5000,0.0000
5,-0.7009,-0.09307
5,-0.7009,0.09307
5,-0.2991,-0.09307
5,-0.2991,0.09307
5,-0.6667,0.0000
5,-0.5556,0.0000
5,-0.5000,0.0000
5,-0.4444,0.0000
5,-0.3333,0.0000
5,-0.7500,0.0000
5,-0.7143,0.0000
5,-0.5000,0.0000
5,-0.2857,0.0000
5,-0.2500,0.0000
5,-0.7953,0.0000
5,-0.5000,0.0000
5,-0.2047,0.0000
5,-0.5000,-0.08365
5,-0.5000,0.08365
5,-0.7421,0.0000
5,-0.5000,0.0000
5,-0.2579,0.0000
5,-0.5000,-0.3322
5,-0.5000,0.3322
5,-0.7511,0.0000
5,-0.5000,0.0000
5,-0.2489,0.0000
5,-0.5000,-0.1627
5,-0.5000,0.1627
5,-0.7702,0.0000
5,-0.6285,0.0000
5,-0.5000,0.0000
5,-0.3715,0.0000
5,-0.2298,0.0000
5,-0.7847,0.0000
5,-0.5943,0.0000
5,-0.5000,0.0000
5,-0.4057,0.0000
5,-0.2153,0.0000
5,-0.7244,0.0000
5,-0.5000,0.0000
5,-0.2756,0.0000
5,-0.5000,-0.2839
5,-0.5000,0.2839
5,-0.7618,0.0000
5,-0.5000,0.0000
5,-0.2382,0.0000
5,-0.5000,-0.1021
5,-0.5000,0.1021
5,-0.7090,0.0000
5,-0.5000,0.0000
5,-0.2910,0.0000
5,-0.5000,-0.3235
5,-0.5000,0.3235
5,-0.7401,0.0000
5,-0.5000,0.0000
5,-0.2599,0.0000
5,-0.5000,-0.1193
5,-0.5000,0.1193
5,-0.7618,0.0000
5,-0.5000,0.0000
5,-0.2382,0.0000
5,-0.5000,-0.1021
5,-0.5000,0.1021
5,-0.7090,0.0000
5,-0.5000,0.0000
5,-0.2910,0.0000
5,-0.5000,-0.3235
5,-0.5000,0.3235
5,-0.7204,0.0000
5,-0.5000,0.0000
5,-0.2796,0.0000
5,-0.5000,-0.1661
5,-0.5000,0.1661
5,-0.7033,0.0000
5,-0.5000,0.0000
5,-0.2967,0.0000
5,-0.5000,-0.2186
5,-0.5000,0.2186
5,-0.7466,0.0000
5,-0.6042,0.0000
5,-0.5000,0.0000
5,-0.3958,0.0000
5,-0.2534,0.0000
5,-0.7176,0.0000
5,-0.5000,0.0000
5,-0.2824,0.0000
5,-0.5000,-0.1339
5,-0.5000,0.1339
5,-0.6587,0.0000
5,-0.5000,0.0000
5,-0.3413,0.0000
5,-0.5000,-0.3109
5,-0.5000,0.3109
5,-0.5000,0.0000
5,-0.5000,-0.2887
5,-0.5000,0.2887
5,-0.5000,0.0000
5,-0.5469,-0.2252
5,-0.5469,0.2252
5,-0.4531,-0.2252
5,-0.4531,0.2252
5,-0.6667,0.0000
5,-0.5000,0.0000
5,-0.3333,0.0000
5,-0.5000,-0.1926
5,-0.5000,0.1926
5,-0.5000,0.0000
5,-0.6449,-0.1402
5,-0.6449,0.1402
5,-0.3551,-0.1402
5,-0.3551,0.1402
5,-0.6793,0.0000
5,-0.5000,0.0000
5,-0.3207,0.0000
5,-0.5000,-0.1721
5,-0.5000,0.1721
5,-0.5781,0.0000
5,-0.5714,0.0000
5,-0.5000,0.0000
5,-0.4286,0.0000
5,-0.4219,0.0000
5,-0.5000,0.0000
5,-0.5000,-0.2112
5,-0.5000,-0.04161
5,-0.5000,0.04161
5,-0.5000,0.2112
5,-0.7389,0.0000
5,-0.5900,0.0000
5,-0.5000,0.0000
5,-0.4100,0.0000
5,-0.2611,0.0000
5,-0.5000,0.0000
5,-0.6603,-0.06210
5,-0.6603,0.06210
5,-0.3397,-0.06210
5,-0.3397,0.06210
5,-0.5000,0.0000
5,-0.7024,-0.05241
5,-0.7024,0.05241
5,-0.2976,-0.05241
5,-0.2976,0.05241
5,-0.7236,0.0000
5,-0.5000,0.0000
5,-0.2764,0.0000
5,-0.6950,0.0000
5,-0.5000,0.0000
5,-0.3050,0.0000
5,-0.5000,-0.2204
5,-0.5000,0.2204
5,-0.7673,0.0000
5,-0.6667,0.0000
5,-0.5000,0.0000
5,-0.3333,0.0000
5,-0.2327,0.0000
5,-0.7605,0.0000
5,-0.5000,0.0000
5,-0.2395,0.0000
5,-0.5000,-0.1064
5,-0.5000,0.1064
5,-0.7200,0.0000
5,-0.5000,0.0000
5,-0.2800,0.0000
5,-0.5000,-0.3133
5,-0.5000,0.3133
5,-0.7294,0.0000
5,-0.5000,0.0000
5,-0.2706,0.0000
5,-0.5000,-0.1627
5,-0.5000,0.1627
5,-0.7500,0.0000
5,-0.6091,0.0000
5,-0.5000,0.0000
5,-0.3909,0.0000
5,-0.2500,0.0000
5,-0.6845,0.0000
5,-0.5000,0.0000
5,-0.3155,0.0000
5,-0.5000,-0.2461
5,-0.5000,0.2461
5,-0.5000,0.0000
5,-0.5000,-0.1890
5,-0.5000,-0.1043
5,-0.5000,0.1043
5,-0.5000,0.1890
5,-0.5000,0.0000
5,-0.5000,-0.2887
5,-0.5000,-0.1043
5,-0.5000,0.1043
5,-0.5000,0.2887
5,-0.5000,0.0000
5,-0.5000,-0.2887
5,-0.5000,0.2887
5,-0.5000,0.0000
5,-0.5000,-0.2887
5,-0.5000,-0.1890
5,-0.5000,0.1890
5,-0.5000,0.2887
5,-0.5000,0.0000
5,-0.5000,-0.2887
5,-0.5000,-0.1508
5,-0.5000,0.1508
5,-0.5000,0.2887
5,-0.5000,0.0000
5,-0.5000,-0.1890
5,-0.5000,-0.1508
5,-0.5000,0.1508
5,-0.5000,0.1890
5,-0.5000,0.0000
5,-0.5846,-0.1729
5,-0.5846,0.1729
5,-0.4154,-0.1729
5,-0.4154,0.1729
5,-0.6387,0.0000
5,-0.5000,0.0000
5,-0.3613,0.0000
5,-0.5000,-0.2887
5,-0.5000,0.2887
5,-0.6387,0.0000
5,-0.5000,0.0000
5,-0.3613,0.0000
5,-0.5000,-0.1890
5,-0.5000,0.1890
5,-0.7055,0.0000
5,-0.5000,0.0000
5,-0.2945,0.0000
5,-0.5000,-0.2558
5,-0.5000,0.2558
5,-0.6966,0.0000
5,-0.5000,0.0000
5,-0.3034,0.0000
5,-0.5000,-0.2062
5,-0.5000,0.2062
5,-0.7516,0.0000
5,-0.5820,0.0000
5,-0.5000,0.0000
5,-0.4180,0.0000
5,-0.2484,0.0000
5,-0.7087,0.0000
5,-0.5000,0.0000
5,-0.2913,0.0000
5,-0.5000,-0.1227
5,-0.5000,0.1227
5,-0.6740,0.0000
5,-0.5000,0.0000
5,-0.3260,0.0000
5,-0.5000,-0.3146
5,-0.5000,0.3146
5,-0.7223,0.0000
5,-0.5000,0.0000
5,-0.2777,0.0000
5,-0.5000,-0.1104
5,-0.5000,0.1104
5,-0.7217,0.0000
5,-0.5000,0.0000
5,-0.2783,0.0000
5,-0.5000,-0.1134
5,-0.5000,0.1134
5,-0.6811,0.0000
5,-0.5000,0.0000
5,-0.3189,0.0000
5,-0.5000,-0.3087
5,-0.5000,0.3087
5,-0.6915,0.0000
5,-0.5000,0.0000
5,-0.3085,0.0000
5,-0.5000,-0.1638
5,-0.5000,0.1638
5,-0.6560,0.0000
5,-0.5000,0.0000
5,-0.3440,0.0000
5,-0.5000,-0.2332
5,-0.5000,0.2332
5,-0.7201,0.0000
5,-0.5915,0.0000
5,-0.5000,0.0000
5,-0.4085,0.0000
5,-0.2799,0.0000
5,-0.5000,0.0000
5,-0.5000,-0.1043
5,-0.5000,0.1043
5,-0.5000,-0.00001026
5,-0.5000,0.00001026
5,-0.5000,0.0000
5,-0.5000,-0.2887
5,-0.5000,0.2887
5,-0.5000,0.0000
5,-0.5000,-0.2794
5,-0.5000,-0.09211
5,-0.5000,0.09211
5,-0.5000,0.2794
5,-0.5000,0.0000
5,-0.5469,-0.2252
5,-0.5469,0.2252
5,-0.4531,-0.2252
5,-0.4531,0.2252
5,-0.5000,0.0000
5,-0.5676,-0.1562
5,-0.5676,0.1562
5,-0.4324,-0.1562
5,-0.4324,0.1562
5,-0.5000,0.0000
5,-0.6151,-0.1577
5,-0.6151,0.1577
5,-0.3849,-0.1577
5,-0.3849,0.1577
5,-0.5000,0.0000
5,-0.5000,-0.000008148
5,-0.5000,0.000008148
5,-0.5000,-0.1508
5,-0.5000,0.1508
5,-0.5000,0.0000
5,-0.5899,-0.08992
5,-0.5899,0.08992
5,-0.4101,-0.08992
5,-0.4101,0.08992
5,-0.5000,0.0000
5,-0.5803,-0.1901
5,-0.5803,0.1901
5,-0.4197,-0.1901
5,-0.4197,0.1901
5,-0.5000,0.0000
5,-0.5852,-0.08894
5,-0.5852,0.08894
5,-0.4148,-0.08894
5,-0.4148,0.08894
5,-0.5000,0.0000
5,-0.6100,-0.1408
5,-0.6100,0.1408
5,-0.3900,-0.1408
5,-0.3900,0.1408
5,-0.6387,0.0000
5,-0.5000,0.0000
5,-0.3613,0.0000
5,-0.5000,-0.000008658
5,-0.5000,0.000008658
5,-0.5246,0.0000
5,-0.5000,0.0000
5,-0.4754,0.0000
5,-0.5000,-0.2616
5,-0.5000,0.2616
5,-0.6789,0.0000
5,-0.5000,0.0000
5,-0.3211,0.0000
5,-0.5000,-0.1789
5,-0.5000,0.1789
5,-0.5000,0.0000
5,-0.5932,-0.1532
5,-0.5932,0.1532
5,-0.4068,-0.1532
5,-0.4068,0.1532
5,-0.6667,0.0000
5,-0.5000,0.0000
5,-0.3333,0.0000
5,-0.5000,-0.05625
5,-0.5000,0.05625
5,-0.7508,0.0000
5,-0.5801,0.0000
5,-0.5000,0.0000
5,-0.4199,0.0000
5,-0.2492,0.0000
5,-0.6903,0.0000
5,-0.5000,0.0000
5,-0.3097,0.0000
5,-0.5000,-0.2714
5,-0.5000,0.2714
5,-0.5000,0.0000
5,-0.6739,-0.1112
5,-0.6739,0.1112
5,-0.3261,-0.1112
5,-0.3261,0.1112
5,-0.5000,0.0000
5,-0.6728,-0.1118
5,-0.6728,0.1118
5,-0.3272,-0.1118
5,-0.3272,0.1118
5,-0.5000,0.0000
5,-0.6732,-0.1414
5,-0.6732,0.1414
5,-0.3268,-0.1414
5,-0.3268,0.1414
5,-0.7231,0.0000
5,-0.5000,0.0000
5,-0.2769,0.0000
5,-0.5000,-0.1533
5,-0.5000,0.1533
5,-0.7076,0.0000
5,-0.5000,0.0000
5,-0.2924,0.0000
5,-0.5000,-0.000006379
5,-0.5000,0.000006379
5,-0.6339,0.0000
5,-0.5000,0.0000
5,-0.3661,0.0000
5,-0.5000,-0.2518
5,-0.5000,0.2518
5,-0.6414,0.0000
5,-0.5000,0.0000
5,-0.3586,0.0000
5,-0.5000,-0.05505
5,-0.5000,0.05505
5,-0.5000,0.0000
5,-0.5794,-0.1647
5,-0.5794,0.1647
5,-0.4206,-0.1647
5,-0.4206,0.1647
5,-0.5000,0.0000
5,-0.5933,-0.2019
5,-0.5933,0.2019
5,-0.4067,-0.2019
5,-0.4067,0.2019
5,-0.5000,0.0000
5,-0.6650,-0.1316
5,-0.6650,0.1316
5,-0.3350,-0.1316
5,-0.3350,0.1316
5,-0.6667,0.0000
5,-0.5000,0.0000
5,-0.3333,0.0000
5,-0.5000,-0.09869
5,-0.5000,0.09869
5,-0.5000,0.0000
5,-0.5914,-0.1324
5,-0.5914,0.1324
5,-0.4086,-0.1324
5,-0.4086,0.1324
5,-0.5000,0.0000
5,-0.6640,-0.2174
5,-0.6640,0.2174
5,-0.3360,-0.2174
5,-0.3360,0.2174
5,-0.7336,0.0000
5,-0.6667,0.0000
5,-0.5000,0.0000
5,-0.3333,0.0000
5,-0.2664,0.0000
5,-0.6997,0.0000
5,-0.5000,0.0000
5,-0.3003,0.0000
5,-0.5000,-0.09616
5,-0.5000,0.09616
5,-0.6176,0.0000
5,-0.5000,0.0000
5,-0.3824,0.0000
5,-0.5000,-0.3017
5,-0.5000,0.3017
5,-0.6366,0.0000
5,-0.5000,0.0000
5,-0.3634,0.0000
5,-0.5000,-0.1756
5,-0.5000,0.1756
5,-0.6667,0.0000
5,-0.5000,0.0000
5,-0.3333,0.0000
5,-0.5000,-0.1291
5,-0.5000,0.1291
5,-0.6176,0.0000
5,-0.5000,0.0000
5,-0.3824,0.0000
5,-0.5000,-0.3017
5,-0.5000,0.3017
5,-0.5000,0.0000
5,-0.5469,-0.2252
5,-0.5469,0.2252
5,-0.4531,-0.2252
5,-0.4531,0.2252
5,-0.5000,0.0000
5,-0.6410,-0.1782
5,-0.6410,0.1782
5,-0.3590,-0.1782
5,-0.3590,0.1782
5,-0.5000,0.0000
5,-0.6372,-0.1587
5,-0.6372,0.1587
5,-0.3628,-0.1587
5,-0.3628,0.1587
5,-0.5000,0.0000
5,-0.5000,-0.1814
5,-0.5000,-0.03353
5,-0.5000,0.03353
5,-0.5000,0.1814
5,-0.5000,0.0000
5,-0.6637,-0.04332
5,-0.6637,0.04332
5,-0.3363,-0.04332
5,-0.3363,0.04332
5,-0.6667,0.0000
5,-0.5000,0.0000
5,-0.3333,0.0000
5,-0.5000,-0.2169
5,-0.5000,0.2169
5,-0.7184,0.0000
5,-0.5866,0.0000
5,-0.5000,0.0000
5,-0.4134,0.0000
5,-0.2816,0.0000
5,-0.6667,0.0000
5,-0.5000,0.0000
5,-0.3333,0.0000
5,-0.5000,-0.1197
5,-0.5000,0.1197
5,-0.5937,0.0000
5,-0.5000,0.0000
5,-0.4063,0.0000
5,-0.5000,-0.3167
5,-0.5000,0.3167
5,-0.6667,0.0000
5,-0.5000,0.0000
5,-0.3333,0.0000
5,-0.5000,-0.1291
5,-0.5000,0.1291
5,-0.6176,0.0000
5,-0.5000,0.0000
5,-0.3824,0.0000
5,-0.5000,-0.3017
5,-0.5000,0.3017
5,-0.5000,0.0000
5,-0.6092,-0.07555
5,-0.6092,0.07555
5,-0.3908,-0.07555
5,-0.3908,0.07555
5,-0.5946,0.0000
5,-0.5000,0.0000
5,-0.4054,0.0000
5,-0.5000,-0.1777
5,-0.5000,0.1777
5,-0.5000,0.0000
5,-0.6431,-0.2079
5,-0.6431,0.2079
5,-0.3569,-0.2079
5,-0.3569,0.2079
5,-0.6170,0.0000
5,-0.5000,0.0000
5,-0.3830,0.0000
5,-0.5000,-0.1739
5,-0.5000,0.1739
5,-0.6350,0.0000
5,-0.5000,0.0000
5,-0.3650,0.0000
5,-0.5000,-0.1661
5,-0.5000,0.1661
5,-0.5000,0.0000
5,-0.5000,-0.1667
5,-0.5000,-0.1508
5,-0.5000,0.1508
5,-0.5000,0.1667
5,-0.6667,0.0000
5,-0.6286,0.0000
5,-0.5000,0.0000
5,-0.3714,0.0000
5,-0.3333,0.0000
5,-0.5000,0.0000
5,-0.6480,-0.09130
5,-0.6480,0.09130
5,-0.3520,-0.09130
5,-0.3520,0.09130
5,-0.6871,0.0000
5,-0.5000,0.0000
5,-0.3129,0.0000
5,-0.5000,-0.05693
5,-0.5000,0.05693
5,-0.6096,0.0000
5,-0.5000,0.0000
5,-0.3904,0.0000
5,-0.5000,-0.2139
5,-0.5000,0.2139
5,-0.5000,0.0000
5,-0.5278,-0.1882
5,-0.5278,0.1882
5,-0.4722,-0.1882
5,-0.4722,0.1882
5,-0.5000,0.0000
5,-0.6438,-0.04150
5,-0.6438,0.04150
5,-0.3562,-0.04150
5,-0.3562,0.04150
5,-0.6906,0.0000
5,-0.5477,0.0000
5,-0.5000,0.0000
5,-0.4523,0.0000
5,-0.3094,0.0000
5,-0.5000,0.0000
5,-0.6254,-0.1280
5,-0.6254,0.1280
5,-0.3746,-0.1280
5,-0.3746,0.1280
5,-0.6890,0.0000
5,-0.5000,0.0000
5,-0.3110,0.0000
5,-0.5000,-0.000006872
5,-0.5000,0.000006872
5,-0.6543,0.0000
5,-0.5000,0.0000
5,-0.3457,0.0000
5,-0.5000,-0.2005
5,-0.5000,0.2005
5,-0.7280,0.0000
5,-0.6667,0.0000
5,-0.5000,0.0000
5,-0.3333,0.0000
5,-0.2720,0.0000
5,-0.5000,0.0000
5,-0.5794,-0.1647
5,-0.5794,0.1647
5,-0.4206,-0.1647
5,-0.4206,0.1647
5,-0.5000,0.0000
5,-0.6443,-0.1558
5,-0.6443,0.1558
5,-0.3557,-0.1558
5,-0.3557,0.1558
5,-0.5000,0.0000
5,-0.6412,-0.2089
5,-0.6412,0.2089
5,-0.3588,-0.2089
5,-0.3588,0.2089
5,-0.5000,0.0000
5,-0.6412,-0.09236
5,-0.6412,0.09236
5,-0.3588,-0.09236
5,-0.3588,0.09236
5,-0.7892,0.0000
5,-0.5000,0.0000
5,-0.2108,0.0000
5,-0.5000,-0.1026
5,-0.5000,0.1026
5,-0.7484,0.0000
5,-0.5000,0.0000
5,-0.2516,0.0000
5,-0.5000,-0.3165
5,-0.5000,0.3165
5,-0.5000,0.0000
5,-0.5000,-0.1043
5,-0.5000,0.1043
5,-0.5000,-0.00001026
5,-0.5000,0.00001026
5,-0.5000,0.0000
5,-0.5000,-0.2887
5,-0.5000,0.2887
5,-0.5000,0.0000
5,-0.5000,-0.2663
5,-0.5000,-0.1379
5,-0.5000,0.1379
5,-0.5000,0.2663
5,-0.5000,0.0000
5,-0.5469,-0.2252
5,-0.5469,0.2252
5,-0.4531,-0.2252
5,-0.4531,0.2252
5,-0.5000,0.0000
5,-0.6425,-0.2195
5,-0.6425,0.2195
5,-0.3575,-0.2195
5,-0.3575,0.2195
5,-0.5000,0.0000
5,-0.5496,-0.1461
5,-0.5496,0.1461
5,-0.4504,-0.1461
5,-0.4504,0.1461
5,-0.5000,0.0000
5,-0.6274,-0.1769
5,-0.6274,0.1769
5,-0.3726,-0.1769
5,-0.3726,0.1769
5,-0.7254,0.0000
5,-0.5000,0.0000
5,-0.2746,0.0000
5,-0.5000,-0.3085
5,-0.5000,0.3085
5,-0.5000,0.0000
5,-0.5828,-0.2433
5,-0.5828,0.2433
5,-0.4172,-0.2433
5,-0.4172,0.2433
5,-0.7306,0.0000
5,-0.5000,0.0000
5,-0.2694,0.0000
5,-0.5000,-0.3041
5,-0.5000,0.3041
5,-0.6667,0.0000
5,-0.5000,0.0000
5,-0.3333,0.0000
5,-0.5000,-0.2887
5,-0.5000,0.2887
5,-0.6484,0.0000
5,-0.5000,0.0000
5,-0.3516,0.0000
5,-0.5000,-0.2829
5,-0.5000,0.2829
5,-0.5000,0.0000
5,-0.5000,-0.000003511
5,-0.5000,0.000003511
5,-0.5000,-0.2565
5,-0.5000,0.2565
5,-0.7494,0.0000
5,-0.5000,0.0000
5,-0.2506,0.0000
5,-0.5000,-0.1170
5,-0.5000,0.1170
5,-0.5000,0.0000
5,-0.5699,-0.1998
5,-0.5699,0.1998
5,-0.4301,-0.1998
5,-0.4301,0.1998
5,-0.7187,0.0000
5,-0.5000,0.0000
5,-0.2813,0.0000
5,-0.5000,-0.1281
5,-0.5000,0.1281
5,-0.7592,0.0000
5,-0.5000,0.0000
5,-0.2408,0.0000
5,-0.5000,-0.1107
5,-0.5000,0.1107
5,-0.5000,0.0000
5,-0.6578,-0.2563
5,-0.6578,0.2563
5,-0.3422,-0.2563
5,-0.3422,0.2563
5,-0.7109,0.0000
5,-0.5000,0.0000
5,-0.2891,0.0000
5,-0.5000,-0.1094
5,-0.5000,0.1094
5,-0.6667,0.0000
5,-0.5000,0.0000
5,-0.3333,0.0000
5,-0.5000,-0.1043
5,-0.5000,0.1043
5,-0.5000,0.0000
5,-0.5932,-0.1066
5,-0.5932,0.1066
5,-0.4068,-0.1066
5,-0.4068,0.1066
5,-0.5000,0.0000
5,-0.6183,-0.1727
5,-0.6183,0.1727
5,-0.3817,-0.1727
5,-0.3817,0.1727
5,-0.7577,0.0000
5,-0.5000,0.0000
5,-0.2423,0.0000
5,-0.5000,-0.1620
5,-0.5000,0.1620
5,-0.5000,0.0000
5,-0.5000,-0.000008148
5,-0.5000,0.000008148
5,-0.5000,-0.1508
5,-0.5000,0.1508
5,-0.5000,0.0000
5,-0.5909,-0.1203
5,-0.5909,0.1203
5,-0.4091,-0.1203
5,-0.4091,0.1203
5,-0.5000,0.0000
5,-0.5607,-0.1764
5,-0.5607,0.1764
5,-0.4393,-0.1764
5,-0.4393,0.1764
5,-0.5000,0.0000
5,-0.6464,-0.09159
5,-0.6464,0.09159
5,-0.3536,-0.09159
5,-0.3536,0.09159
5,-0.5000,0.0000
5,-0.6235,-0.07821
5,-0.6235,0.07821
5,-0.3765,-0.07821
5,-0.3765,0.07821
5,-0.5000,0.0000
5,-0.6320,-0.1165
5,-0.6320,0.1165
5,-0.3680,-0.1165
5,-0.3680,0.1165
5,-0.7629,0.0000
5,-0.5000,0.0000
5,-0.2371,0.0000
5,-0.5000,-0.1232
5,-0.5000,0.1232
5,-0.7379,0.0000
5,-0.5000,0.0000
5,-0.2621,0.0000
5,-0.5000,-0.1597
5,-0.5000,0.1597
5,-0.7048,0.0000
5,-0.5000,0.0000
5,-0.2952,0.0000
5,-0.5000,-0.2078
5,-0.5000,0.2078
5,-0.6667,0.0000
5,-0.5000,0.0000
5,-0.3333,0.0000
5,-0.5000,-0.1508
5,-0.5000,0.1508
5,-0.6840,0.0000
5,-0.5000,0.0000
5,-0.3160,0.0000
5,-0.5000,-0.1019
5,-0.5000,0.1019
5,-0.6253,0.0000
5,-0.5000,0.0000
5,-0.3747,0.0000
5,-0.5000,-0.1200
5,-0.5000,0.1200
5,-0.5000,0.0000
5,-0.5000,-0.1632
5,-0.5000,-0.06422
5,-0.5000,0.06422
5,-0.5000,0.1632
5,-0.5000,0.0000
5,-0.5945,-0.1430
5,-0.5945,0.1430
5,-0.4055,-0.1430
5,-0.4055,0.1430
5,-0.5000,0.0000
5,-0.6159,-0.1297
5,-0.6159,0.1297
5,-0.3841,-0.1297
5,-0.3841,0.1297
5,-0.5000,0.0000
5,-0.6378,-0.1047
5,-0.6378,0.1047
5,-0.3622,-0.1047
5,-0.3622,0.1047
5,-0.5000,0.0000
5,-0.6655,-0.1717
5,-0.6655,0.1717
5,-0.3345,-0.1717
5,-0.3345,0.1717
5,-0.5000,0.0000
5,-0.6510,-0.2092
5,-0.6510,0.2092
5,-0.3490,-0.2092
5,-0.3490,0.2092
5,-0.7167,0.0000
5,-0.5811,0.0000
5,-0.5000,0.0000
5,-0.4189,0.0000
5,-0.2833,0.0000
5,-0.5000,0.0000
5,-0.6538,-0.04349
5,-0.6538,0.04349
5,-0.3462,-0.04349
5,-0.3462,0.04349
5,-0.7440,0.0000
5,-0.6000,0.0000
5,-0.5000,0.0000
5,-0.4000,0.0000
5,-0.2560,0.0000
5,-0.7987,0.0000
5,-0.5627,0.0000
5,-0.5000,0.0000
5,-0.4373,0.0000
5,-0.2013,0.0000
5,-0.7751,0.0000
5,-0.6167,0.0000
5,-0.5000,0.0000
5,-0.3833,0.0000
5,-0.2249,0.0000
5,-0.6387,0.0000
5,-0.5000,0.0000
5,-0.3613,0.0000
5,-0.5000,-0.000008658
5,-0.5000,0.000008658
5,-0.5000,0.0000
5,-0.5000,-0.000008148
5,-0.5000,0.000008148
5,-0.5000,-0.1508
5,-0.5000,0.1508
5,-0.7500,0.0000
5,-0.6321,0.0000
5,-0.5000,0.0000
5,-0.3679,0.0000
5,-0.2500,0.0000
5,-0.6667,0.0000
5,-0.5000,0.0000
5,-0.3333,0.0000
5,-0.7534,0.0000
5,-0.6134,0.0000
5,-0.5000,0.0000
5,-0.3866,0.0000
5,-0.2466,0.0000
5,-0.6667,0.0000
5,-0.6387,0.0000
5,-0.5000,0.0000
5,-0.3613,0.0000
5,-0.3333,0.0000
5,-0.5000,0.0000
5,-0.6182,-0.1801
5,-0.6182,0.1801
5,-0.3818,-0.1801
5,-0.3818,0.1801
5,-0.5000,0.0000
5,-0.6608,-0.07620
5,-0.6608,0.07620
5,-0.3392,-0.07620
5,-0.3392,0.07620
5,-0.5000,0.0000
5,-0.6489,-0.1305
5,-0.6489,0.1305
5,-0.3511,-0.1305
5,-0.3511,0.1305
5,-0.5000,0.0000
5,-0.6875,-0.1032
5,-0.6875,0.1032
5,-0.3125,-0.1032
5,-0.3125,0.1032
5,-0.5000,0.0000
5,-0.6806,-0.1229
5,-0.6806,0.1229
5,-0.3194,-0.1229
5,-0.3194,0.1229
5,-0.7500,0.0000
5,-0.6806,0.0000
5,-0.5000,0.0000
5,-0.3194,0.0000
5,-0.2500,0.0000
5,-0.5000,0.0000
5,-0.6273,-0.1622
5,-0.6273,0.1622
5,-0.3727,-0.1622
5,-0.3727,0.1622
5,-0.7143,0.0000
5,-0.5714,0.0000
5,-0.5000,0.0000
5,-0.4286,0.0000
5,-0.2857,0.0000
5,-0.6667,0.0000
5,-0.5000,0.0000
5,-0.3333,0.0000
5,-0.5000,-0.2500
5,-0.5000,0.2500
5,-0.6000,0.0000
5,-0.5000,0.0000
5,-0.4000,0.0000
5,-0.5000,-0.1890
5,-0.5000,0.1890
5,-0.5000,0.0000
5,-0.5000,-0.2236
5,-0.5000,-0.1890
5,-0.5000,0.1890
5,-0.5000,0.2236
5,-0.5000,0.0000
5,-0.5000,-0.2887
5,-0.5000,-0.2236
5,-0.5000,0.2236
5,-0.5000,0.2887
5,-0.6000,0.0000
5,-0.5000,0.0000
5,-0.4000,0.0000
5,-0.5000,-0.2887
5,-0.5000,0.2887
5,-0.5000,0.0000
5,-0.5818,-0.2047
5,-0.5818,0.2047
5,-0.4182,-0.2047
5,-0.4182,0.2047
5,-0.6667,0.0000
5,-0.5000,0.0000
5,-0.3333,0.0000
5,-0.5000,-0.1996
5,-0.5000,0.1996
5,-0.5000,0.0000
5,-0.5000,-0.2236
5,-0.5000,0.2236
5,-0.5000,-0.000006467
5,-0.5000,0.000006467
5,-0.5000,0.0000
5,-0.5000,-0.2522
5,-0.5000,-0.06764
5,-0.5000,0.06764
5,-0.5000,0.2522
5,-0.6000,0.0000
5,-0.5000,0.0000
5,-0.4000,0.0000
5,-0.5000,-0.00001091
5,-0.5000,0.00001091
5,-0.6073,0.0000
5,-0.5000,0.0000
5,-0.3927,0.0000
5,-0.5000,-0.05221
5,-0.5000,0.05221
5,-0.5000,0.0000
5,-0.5688,-0.1333
5,-0.5688,0.1333
5,-0.4312,-0.1333
5,-0.4312,0.1333
5,-0.6780,0.0000
5,-0.5000,0.0000
5,-0.3220,0.0000
5,-0.5000,-0.1956
5,-0.5000,0.1956
5,-0.6667,0.0000
5,-0.5000,0.0000
5,-0.3333,0.0000
5,-0.5000,-0.1705
5,-0.5000,0.1705
5,-0.5000,0.0000
5,-0.5000,-0.1682
5,-0.5000,-0.09645
5,-0.5000,0.09645
5,-0.5000,0.1682
5,-0.6358,0.0000
5,-0.5000,0.0000
5,-0.3642,0.0000
5,-0.5000,-0.1709
5,-0.5000,0.1709
5,-0.6667,0.0000
5,-0.5000,0.0000
5,-0.3333,0.0000
5,-0.5000,-0.09869
5,-0.5000,0.09869
5,-0.5000,0.0000
5,-0.5000,-0.1890
5,-0.5000,0.1890
5,-0.5000,0.0000
5,-0.5000,-0.2887
5,-0.5000,-0.1890
5,-0.5000,0.1890
5,-0.5000,0.2887
5,-0.5000,0.0000
5,-0.5000,-0.2887
5,-0.5000,0.2887
5,-0.5000,0.0000
5,-0.5000,-0.2887
5,-0.5000,-0.1043
5,-0.5000,0.1043
5,-0.5000,0.2887
5,-0.5000,0.0000
5,-0.5000,-0.1890
5,-0.5000,-0.1043
5,-0.5000,0.1043
5,-0.5000,0.1890
5,-0.6667,0.0000
5,-0.5000,0.0000
5,-0.3333,0.0000
5,-0.5000,-0.2236
5,-0.5000,0.2236
5,-0.7283,0.0000
5,-0.5000,0.0000
5,-0.2717,0.0000
5,-0.5000,-0.1300
5,-0.5000,0.1300
5,-0.5000,0.0000
5,-0.5000,-0.2887
5,-0.5000,0.2887
5,-0.5000,0.0000
5,-0.5000,-0.1890
5,-0.5000,0.1890
5,-0.6000,0.0000
5,-0.5000,0.0000
5,-0.4000,0.0000
5,-0.5000,-0.2402
5,-0.5000,0.2402
5,-0.7530,0.0000
5,-0.5000,0.0000
5,-0.2470,0.0000
5,-0.5000,-0.1319
5,-0.5000,0.1319
5,-0.7162,0.0000
5,-0.5000,0.0000
5,-0.2838,0.0000
5,-0.5000,-0.3054
5,-0.5000,0.3054
5,-0.5000,0.0000
5,-0.5000,-0.2887
5,-0.5000,-0.1508
5,-0.5000,0.1508
5,-0.5000,0.2887
5,-0.6667,0.0000
5,-0.5000,0.0000
5,-0.3333,0.0000
5,-0.5000,-0.2887
5,-0.5000,0.2887
5,-0.5000,0.0000
5,-0.5000,-0.1890
5,-0.5000,-0.1508
5,-0.5000,0.1508
5,-0.5000,0.1890
5,-0.7277,0.0000
5,-0.5000,0.0000
5,-0.2723,0.0000
5,-0.5000,-0.1698
5,-0.5000,0.1698
5,-0.6667,0.0000
5,-0.5000,0.0000
5,-0.3333,0.0000
5,-0.5000,-0.1890
5,-0.5000,0.1890
5,-0.7008,0.0000
5,-0.5000,0.0000
5,-0.2992,0.0000
5,-0.5000,-0.2375
5,-0.5000,0.2375
5,-0.6667,0.0000
5,-0.5000,0.0000
5,-0.3333,0.0000
5,-0.5000,-0.08666
5,-0.5000,0.08666
5,-0.5000,0.0000
5,-0.5834,-0.1329
5,-0.5834,0.1329
5,-0.4166,-0.1329
5,-0.4166,0.1329
5,-0.6213,0.0000
5,-0.5000,0.0000
5,-0.3787,0.0000
5,-0.5000,-0.1890
5,-0.5000,0.1890
5,-0.5000,0.0000
5,-0.5000,-0.1043
5,-0.5000,0.1043
5,-0.5000,-0.00001026
5,-0.5000,0.00001026
5,-0.7293,0.0000
5,-0.5000,0.0000
5,-0.2707,0.0000
5,-0.5000,-0.1958
5,-0.5000,0.1958
5,-0.5000,0.0000
5,-0.6478,-0.1222
5,-0.6478,0.1222
5,-0.3522,-0.1222
5,-0.3522,0.1222
5,-0.5683,0.0000
5,-0.5000,0.0000
5,-0.4317,0.0000
5,-0.5000,-0.2648
5,-0.5000,0.2648
5,-0.6930,0.0000
5,-0.5000,0.0000
5,-0.3070,0.0000
5,-0.5000,-0.1508
5,-0.5000,0.1508
5,-0.5000,0.0000
5,-0.5910,-0.1434
5,-0.5910,0.1434
5,-0.4090,-0.1434
5,-0.4090,0.1434
5,-0.6667,0.0000
5,-0.5000,0.0000
5,-0.3333,0.0000
5,-0.6667,0.0000
5,-0.5000,0.0000
5,-0.3333,0.0000
5,-0.5000,-0.03234
5,-0.5000,0.03234
5,-0.5000,0.0000
5,-0.6477,-0.1815
5,-0.6477,0.1815
5,-0.3523,-0.1815
5,-0.3523,0.1815
5,-0.5000,0.0000
5,-0.6425,-0.1840
5,-0.6425,0.1840
5,-0.3575,-0.1840
5,-0.3575,0.1840
5,-0.6910,0.0000
5,-0.6667,0.0000
5,-0.5000,0.0000
5,-0.3333,0.0000
5,-0.3090,0.0000
5,-0.6194,0.0000
5,-0.5000,0.0000
5,-0.3806,0.0000
5,-0.5000,-0.2484
5,-0.5000,0.2484
5,-0.7865,0.0000
5,-0.5000,0.0000
5,-0.2135,0.0000
5,-0.5000,-0.1831
5,-0.5000,0.1831
5,-0.7500,0.0000
5,-0.5781,0.0000
5,-0.5000,0.0000
5,-0.4219,0.0000
5,-0.2500,0.0000
5,-0.5000,0.0000
5,-0.5000,0.0000
5,-0.5000,-0.2402
5,-0.5000,-0.1043
5,-0.5000,0.1043
5,-0.5000,0.2402
5,-0.5000,0.0000
5,-0.5000,-0.000008148
5,-0.5000,0.000008148
5,-0.5000,-0.1508
5,-0.5000,0.1508
5,-0.7127,0.0000
5,-0.5000,0.0000
5,-0.2873,0.0000
5,-0.5000,-0.09897
5,-0.5000,0.09897
5,-0.6667,0.0000
5,-0.5000,0.0000
5,-0.3333,0.0000
5,-0.5000,-0.1291
5,-0.5000,0.1291
5,-0.5000,0.0000
5,-0.5000,-0.000008148
5,-0.5000,0.000008148
5,-0.5000,-0.1508
5,-0.5000,0.1508
5,-0.7445,0.0000
5,-0.5606,0.0000
5,-0.5000,0.0000
5,-0.4394,0.0000
5,-0.2555,0.0000
5,-0.6667,0.0000
5,-0.5000,0.0000
5,-0.3333,0.0000
5,-0.6667,0.0000
5,-0.5000,0.0000
5,-0.3333,0.0000
5,-0.5000,-0.1336
5,-0.5000,0.1336
5,-0.5000,0.0000
5,-0.6375,-0.1252
5,-0.6375,0.1252
5,-0.3625,-0.1252
5,-0.3625,0.1252
5,-0.5000,0.0000
5,-0.6247,-0.1377
5,-0.6247,0.1377
5,-0.3753,-0.1377
5,-0.3753,0.1377
5,-0.6667,0.0000
5,-0.5000,0.0000
5,-0.3333,0.0000
5,-0.5000,-0.2202
5,-0.5000,0.2202
5,-0.7500,0.0000
5,-0.5000,0.0000
5,-0.2500,0.0000
5,-0.5000,-0.1147
5,-0.5000,0.1147
5,-0.5000,0.0000
5,-0.6460,-0.1551
5,-0.6460,0.1551
5,-0.3540,-0.1551
5,-0.3540,0.1551
5,-0.5000,0.0000
5,-0.6557,-0.1005
5,-0.6557,0.1005
5,-0.3443,-0.1005
5,-0.3443,0.1005
5,-0.7423,0.0000
5,-0.5969,0.0000
5,-0.5000,0.0000
5,-0.4031,0.0000
5,-0.2577,0.0000
5,-0.8064,0.0000
5,-0.5000,0.0000
5,-0.1936,0.0000
5,-0.5000,-0.1392
5,-0.5000,0.1392
5,-0.7800,0.0000
5,-0.5864,0.0000
5,-0.5000,0.0000
5,-0.4136,0.0000
5,-0.2200,0.0000
5,-0.7336,0.0000
5,-0.5000,0.0000
5,-0.2664,0.0000
5,-0.5000,-0.2598
5,-0.5000,0.2598
5,-0.7564,0.0000
5,-0.5920,0.0000
5,-0.5000,0.0000
5,-0.4080,0.0000
5,-0.2436,0.0000
5,-0.7245,0.0000
5,-0.5000,0.0000
5,-0.2755,0.0000
5,-0.5000,-0.2189
5,-0.5000,0.2189
5,-0.6504,0.0000
5,-0.5000,0.0000
5,-0.3496,0.0000
5,-0.5000,-0.1460
5,-0.5000,0.1460
5,-0.5000,0.0000
5,-0.5483,-0.1334
5,-0.5483,0.1334
5,-0.4517,-0.1334
5,-0.4517,0.1334
5,-0.5000,0.0000
5,-0.6885,-0.08527
5,-0.6885,0.08527
5,-0.3115,-0.08527
5,-0.3115,0.08527
5,-0.5000,0.0000
5,-0.6717,-0.1124
5,-0.6717,0.1124
5,-0.3283,-0.1124
5,-0.3283,0.1124
5,-0.6000,0.0000
5,-0.5000,0.0000
5,-0.4000,0.0000
5,-0.5000,-0.00001091
5,-0.5000,0.00001091
5,-0.5000,0.0000
5,-0.5000,-0.2236
5,-0.5000,0.2236
5,-0.5000,-0.000006467
5,-0.5000,0.000006467
5,-0.5000,0.0000
5,-0.5000,0.0000
5,-0.5909,-0.1203
5,-0.5909,0.1203
5,-0.4091,-0.1203
5,-0.4091,0.1203
5,-0.5000,0.0000
5,-0.5000,0.0000
5,-0.5742,-0.1332
5,-0.5742,0.1332
5,-0.4258,-0.1332
5,-0.4258,0.1332
5,-0.7272,0.0000
5,-0.6070,0.0000
5,-0.5000,0.0000
5,-0.3930,0.0000
5,-0.2728,0.0000
5,-0.6667,0.0000
5,-0.6213,0.0000
5,-0.5000,0.0000
5,-0.3787,0.0000
5,-0.3333,0.0000
5,-0.5000,0.0000
5,-0.5000,-0.1971
5,-0.5000,-0.06271
5,-0.5000,0.06271
5,-0.5000,0.1971
5,-0.6667,0.0000
5,-0.6047,0.0000
5,-0.5000,0.0000
5,-0.3953,0.0000
5,-0.3333,0.0000
5,-0.7202,0.0000
5,-0.5000,0.0000
5,-0.2798,0.0000
5,-0.5000,-0.2426
5,-0.5000,0.2426
5,-0.6667,0.0000
5,-0.5000,0.0000
5,-0.3333,0.0000
5,-0.5000,-0.2236
5,-0.5000,0.2236
5,-0.6449,0.0000
5,-0.5000,0.0000
5,-0.3551,0.0000
5,-0.5000,-0.2402
5,-0.5000,0.2402
5,-0.7524,0.0000
5,-0.5839,0.0000
5,-0.5000,0.0000
5,-0.4161,0.0000
5,-0.2476,0.0000
5,-0.6667,0.0000
5,-0.6000,0.0000
5,-0.5000,0.0000
5,-0.4000,0.0000
5,-0.3333,0.0000
5,-0.6667,0.0000
5,-0.5951,0.0000
5,-0.5000,0.0000
5,-0.4049,0.0000
5,-0.3333,0.0000
5,-0.5000,0.0000
5,-0.6277,-0.1060
5,-0.6277,0.1060
5,-0.3723,-0.1060
5,-0.3723,0.1060
5,-0.5000,0.0000
5,-0.6256,-0.1176
5,-0.6256,0.1176
5,-0.3744,-0.1176
5,-0.3744,0.1176
5,-0.7964,0.0000
5,-0.5000,0.0000
5,-0.2036,0.0000
5,-0.5000,-0.1424
5,-0.5000,0.1424
5,-0.8233,0.0000
5,-0.5000,0.0000
5,-0.1767,0.0000
5,-0.5000,-0.1352
5,-0.5000,0.1352
5,-0.7447,0.0000
5,-0.5000,0.0000
5,-0.2553,0.0000
5,-0.5000,-0.1613
5,-0.5000,0.1613
5,-0.7459,0.0000
5,-0.5000,0.0000
5,-0.2541,0.0000
5,-0.5000,-0.1571
5,-0.5000,0.1571
5,-0.6912,0.0000
5,-0.5000,0.0000
5,-0.3088,0.0000
5,-0.5000,-0.1670
5,-0.5000,0.1670
5,-0.5000,0.0000
5,-0.6817,-0.1361
5,-0.6817,0.1361
5,-0.3183,-0.1361
5,-0.3183,0.1361
5,-0.5000,0.0000
5,-0.6493,-0.1537
5,-0.6493,0.1537
5,-0.3507,-0.1537
5,-0.3507,0.1537
5,-0.7500,0.0000
5,-0.6321,0.0000
5,-0.5000,0.0000
5,-0.3679,0.0000
5,-0.2500,0.0000
5,-0.5000,0.0000
5,-0.6070,-0.1070
5,-0.6070,0.1070
5,-0.3930,-0.1070
5,-0.3930,0.1070
5,-0.5000,0.0000
5,-0.7068,-0.1345
5,-0.7068,0.1345
5,-0.2932,-0.1345
5,-0.2932,0.1345
5,-0.6976,0.0000
5,-0.5000,0.0000
5,-0.3024,0.0000
5,-0.5000,-0.1976
5,-0.5000,0.1976
5,-0.6410,0.0000
5,-0.5000,0.0000
5,-0.3590,0.0000
5,-0.5000,-0.2057
5,-0.5000,0.2057
5,-0.7203,0.0000
5,-0.5000,0.0000
5,-0.2797,0.0000
5,-0.5000,-0.2059
5,-0.5000,0.2059
5,-0.5000,0.0000
5,-0.6449,-0.1402
5,-0.6449,0.1402
5,-0.3551,-0.1402
5,-0.3551,0.1402
5,-0.6667,0.0000
5,-0.5898,0.0000
5,-0.5000,0.0000
5,-0.4102,0.0000
5,-0.3333,0.0000
5,-0.8584,0.0000
5,-0.5000,0.0000
5,-0.1416,0.0000
5,-0.5000,-0.09025
5,-0.5000,0.09025
5,-0.8222,0.0000
5,-0.5000,0.0000
5,-0.1778,0.0000
5,-0.5000,-0.3222
5,-0.5000,0.3222
5,-0.7316,0.0000
5,-0.5000,0.0000
5,-0.2684,0.0000
5,-0.5000,-0.1531
5,-0.5000,0.1531
5,-0.6947,0.0000
5,-0.5000,0.0000
5,-0.3053,0.0000
5,-0.5000,-0.2980
5,-0.5000,0.2980
5,-0.6890,0.0000
5,-0.5000,0.0000
5,-0.3110,0.0000
5,-0.5000,-0.1890
5,-0.5000,0.1890
5,-0.6890,0.0000
5,-0.5000,0.0000
5,-0.3110,0.0000
5,-0.5000,-0.2887
5,-0.5000,0.2887
5,-0.5000,0.0000
5,-0.5000,-0.1890
5,-0.5000,0.1890
5,-0.5000,0.0000
5,-0.5000,-0.2887
5,-0.5000,0.2887
5,-0.6667,0.0000
5,-0.5000,0.0000
5,-0.3333,0.0000
5,-0.5000,-0.2887
5,-0.5000,0.2887
5,-0.7098,0.0000
5,-0.5000,0.0000
5,-0.2902,0.0000
5,-0.5000,-0.1754
5,-0.5000,0.1754
5,-0.6667,0.0000
5,-0.5000,0.0000
5,-0.3333,0.0000
5,-0.5000,-0.1890
5,-0.5000,0.1890
5,-0.6769,0.0000
5,-0.5000,0.0000
5,-0.3231,0.0000
5,-0.5000,-0.2213
5,-0.5000,0.2213
5,-0.8092,0.0000
5,-0.5000,0.0000
5,-0.1908,0.0000
5,-0.5000,-0.3164
5,-0.5000,0.3164
5,-0.7746,0.0000
5,-0.5000,0.0000
5,-0.2254,0.0000
5,-0.5000,-0.3004
5,-0.5000,0.3004
5,-0.7500,0.0000
5,-0.5000,0.0000
5,-0.2500,0.0000
5,-0.5000,-0.2887
5,-0.5000,0.2887
5,-0.8361,0.0000
5,-0.5000,0.0000
5,-0.1639,0.0000
5,-0.5000,-0.1191
5,-0.5000,0.1191
5,-0.8304,0.0000
5,-0.5000,0.0000
5,-0.1696,0.0000
5,-0.5000,-0.1586
5,-0.5000,0.1586
5,-0.7989,0.0000
5,-0.5000,0.0000
5,-0.2011,0.0000
5,-0.5000,-0.1355
5,-0.5000,0.1355
5,-0.7825,0.0000
5,-0.5000,0.0000
5,-0.2175,0.0000
5,-0.5000,-0.1687
5,-0.5000,0.1687
5,-0.8015,0.0000
5,-0.5000,0.0000
5,-0.1985,0.0000
5,-0.5000,-0.2141
5,-0.5000,0.2141
5,-0.7500,0.0000
5,-0.5000,0.0000
5,-0.2500,0.0000
5,-0.5000,-0.1890
5,-0.5000,0.1890
5,-0.7644,0.0000
5,-0.5000,0.0000
5,-0.2356,0.0000
5,-0.5000,-0.2276
5,-0.5000,0.2276
5,-0.7625,0.0000
5,-0.5000,0.0000
5,-0.2375,0.0000
5,-0.5000,-0.2510
5,-0.5000,0.2510
5,-0.7429,0.0000
5,-0.5540,0.0000
5,-0.5000,0.0000
5,-0.4460,0.0000
5,-0.2571,0.0000
5,-0.6667,0.0000
5,-0.6418,0.0000
5,-0.5000,0.0000
5,-0.3582,0.0000
5,-0.3333,0.0000
5,-0.7108,0.0000
5,-0.5000,0.0000
5,-0.2892,0.0000
5,-0.5000,-0.1700
5,-0.5000,0.1700
5,-0.5000,0.0000
5,-0.5000,-0.1043
5,-0.5000,0.1043
5,-0.5000,-0.00001026
5,-0.5000,0.00001026
5,-0.7459,0.0000
5,-0.5000,0.0000
5,-0.2541,0.0000
5,-0.5000,-0.1571
5,-0.5000,0.1571
5,-0.7209,0.0000
5,-0.5000,0.0000
5,-0.2791,0.0000
5,-0.5000,-0.1636
5,-0.5000,0.1636
5,-0.5000,0.0000
5,-0.5981,-0.07225
5,-0.5981,0.07225
5,-0.4019,-0.07225
5,-0.4019,0.07225
5,-0.6667,0.0000
5,-0.5000,0.0000
5,-0.3333,0.0000
5,-0.5000,-0.1043
5,-0.5000,0.1043
5,-0.7871,0.0000
5,-0.5000,0.0000
5,-0.2129,0.0000
5,-0.5000,-0.1552
5,-0.5000,0.1552
5,-0.7692,0.0000
5,-0.5000,0.0000
5,-0.2308,0.0000
5,-0.5000,-0.1627
5,-0.5000,0.1627
5,-0.8095,0.0000
5,-0.5000,0.0000
5,-0.1905,0.0000
5,-0.5000,-0.2666
5,-0.5000,0.2666
5,-0.7358,0.0000
5,-0.5000,0.0000
5,-0.2642,0.0000
5,-0.5000,-0.1364
5,-0.5000,0.1364
5,-0.8652,0.0000
5,-0.5000,0.0000
5,-0.1348,0.0000
5,-0.5000,-0.1069
5,-0.5000,0.1069
5,-0.8233,0.0000
5,-0.5000,0.0000
5,-0.1767,0.0000
5,-0.5000,-0.1443
5,-0.5000,0.1443
5,-0.8414,0.0000
5,-0.6331,0.0000
5,-0.5000,0.0000
5,-0.3669,0.0000
5,-0.1586,0.0000
5,-0.7376,0.0000
5,-0.5000,0.0000
5,-0.2624,0.0000
5,-0.5000,-0.000005702
5,-0.5000,0.000005702
5,-0.7085,0.0000
5,-0.5000,0.0000
5,-0.2915,0.0000
5,-0.5000,-0.1836
5,-0.5000,0.1836
5,-0.7642,0.0000
5,-0.6667,0.0000
5,-0.5000,0.0000
5,-0.3333,0.0000
5,-0.2358,0.0000
5,-0.6890,0.0000
5,-0.5000,0.0000
5,-0.3110,0.0000
5,-0.5000,-0.000006872
5,-0.5000,0.000006872
5,-0.7023,0.0000
5,-0.5000,0.0000
5,-0.2977,0.0000
5,-0.5000,-0.1627
5,-0.5000,0.1627
5,-0.6667,0.0000
5,-0.6418,0.0000
5,-0.5000,0.0000
5,-0.3582,0.0000
5,-0.3333,0.0000
5,-0.8291,0.0000
5,-0.6022,0.0000
5,-0.5000,0.0000
5,-0.3978,0.0000
5,-0.1709,0.0000
5,-0.5000,0.0000
5,-0.5000,0.0000
5,-0.5000,-0.000008148
5,-0.5000,0.000008148
5,-0.5000,-0.1508
5,-0.5000,0.1508
5,-0.7076,0.0000
5,-0.5000,0.0000
5,-0.2924,0.0000
5,-0.5000,-0.000006379
5,-0.5000,0.000006379
5,-0.6667,0.0000
5,-0.5000,0.0000
5,-0.3333,0.0000
5,-0.7236,0.0000
5,-0.5000,0.0000
5,-0.2764,0.0000
5,-0.6667,0.0000
5,-0.5000,0.0000
5,-0.3333,0.0000
5,-0.6000,0.0000
5,-0.5000,0.0000
5,-0.4000,0.0000
5,-0.5000,-0.00001091
5,-0.5000,0.00001091
5,-0.5000,0.0000
5,-0.6509,-0.1211
5,-0.6509,0.1211
5,-0.3491,-0.1211
5,-0.3491,0.1211
5,-0.7772,0.0000
5,-0.5511,0.0000
5,-0.5000,0.0000
5,-0.4489,0.0000
5,-0.2228,0.0000
5,-0.7500,0.0000
5,-0.5000,0.0000
5,-0.2500,0.0000
5,-0.5000,-0.000005454
5,-0.5000,0.000005454
5,-0.7251,0.0000
5,-0.6667,0.0000
5,-0.5000,0.0000
5,-0.3333,0.0000
5,-0.2749,0.0000
5,-0.8332,0.0000
5,-0.6146,0.0000
5,-0.5000,0.0000
5,-0.3854,0.0000
5,-0.1668,0.0000
5,-0.8508,0.0000
5,-0.5965,0.0000
5,-0.5000,0.0000
5,-0.4035,0.0000
5,-0.1492,0.0000
5,-0.7945,0.0000
5,-0.5923,0.0000
5,-0.5000,0.0000
5,-0.4077,0.0000
5,-0.2055,0.0000
5,-0.6667,0.0000
5,-0.5000,0.0000
5,-0.3333,0.0000
5,-0.5000,-0.1508
5,-0.5000,0.1508
5,-0.7922,0.0000
5,-0.5684,0.0000
5,-0.5000,0.0000
5,-0.4316,0.0000
5,-0.2078,0.0000
5,-0.7500,0.0000
5,-0.5000,0.0000
5,-0.2500,0.0000
5,-0.5000,-0.000005454
5,-0.5000,0.000005454
5,-0.7681,0.0000
5,-0.5000,0.0000
5,-0.2319,0.0000
5,-0.5000,-0.07926
5,-0.5000,0.07926
5,-0.7475,0.0000
5,-0.5000,0.0000
5,-0.2525,0.0000
5,-0.5000,-0.1238
5,-0.5000,0.1238
5,-0.7389,0.0000
5,-0.6667,0.0000
5,-0.5000,0.0000
5,-0.3333,0.0000
5,-0.2611,0.0000
5,-0.6827,0.0000
5,-0.6667,0.0000
5,-0.5000,0.0000
5,-0.3333,0.0000
5,-0.3173,0.0000
5,-0.5000,0.0000
5,-0.6739,-0.07188
5,-0.6739,0.07188
5,-0.3261,-0.07188
5,-0.3261,0.07188
5,-0.6995,0.0000
5,-0.6027,0.0000
5,-0.5000,0.0000
5,-0.3973,0.0000
5,-0.3005,0.0000
5,-0.7236,0.0000
5,-0.6890,0.0000
5,-0.5000,0.0000
5,-0.3110,0.0000
5,-0.2764,0.0000
5,-0.6667,0.0000
5,-0.5000,0.0000
5,-0.3333,0.0000
5,-0.8000,0.0000
5,-0.6000,0.0000
5,-0.5000,0.0000
5,-0.4000,0.0000
5,-0.2000,0.0000
5,-0.8878,0.0000
5,-0.6710,0.0000
5,-0.5000,0.0000
5,-0.3290,0.0000
5,-0.1122,0.0000
5,-0.8162,0.0000
5,-0.5000,0.0000
5,-0.1838,0.0000
5,-0.5000,-0.000003002
5,-0.5000,0.000003002
5,-0.7912,0.0000
5,-0.5000,0.0000
5,-0.2088,0.0000
5,-0.5000,-0.1932
5,-0.5000,0.1932
5,-0.8407,0.0000
5,-0.6667,0.0000
5,-0.5000,0.0000
5,-0.3333,0.0000
5,-0.1593,0.0000
5,-0.7887,0.0000
5,-0.5000,0.0000
5,-0.2113,0.0000
5,-0.7794,0.0000
5,-0.6667,0.0000
5,-0.5000,0.0000
5,-0.3333,0.0000
5,-0.2206,0.0000
5,-0.7766,0.0000
5,-0.6325,0.0000
5,-0.5000,0.0000
5,-0.3675,0.0000
5,-0.2234,0.0000
5,-0.6890,0.0000
5,-0.5000,0.0000
5,-0.3110,0.0000
5,-0.5000,-0.000006872
5,-0.5000,0.000006872
5,-0.7500,0.0000
5,-0.6508,0.0000
5,-0.5000,0.0000
5,-0.3492,0.0000
5,-0.2500,0.0000
5,-0.6987,0.0000
5,-0.6667,0.0000
5,-0.5000,0.0000
5,-0.3333,0.0000
5,-0.3013,0.0000
5,-0.6890,0.0000
5,-0.6667,0.0000
5,-0.5000,0.0000
5,-0.3333,0.0000
5,-0.3110,0.0000
5,-0.5000,0.0000
5,-0.6793,-0.09986
5,-0.6793,0.09986
5,-0.3207,-0.09986
5,-0.3207,0.09986
5,-0.7500,0.0000
5,-0.7041,0.0000
5,-0.5000,0.0000
5,-0.2959,0.0000
5,-0.2500,0.0000
5,-0.5000,0.0000
5,-0.6667,0.0000
5,-0.5000,0.0000
5,-0.3333,0.0000
5,-0.7712,0.0000
5,-0.5000,0.0000
5,-0.2288,0.0000
5,-0.5000,-0.000005063
5,-0.5000,0.000005063
5,-0.7500,0.0000
5,-0.5000,0.0000
5,-0.2500,0.0000
5,-0.5000,-0.000005454
5,-0.5000,0.000005454
5,-0.6667,0.0000
5,-0.5000,0.0000
5,-0.3333,0.0000
5,-0.8537,0.0000
5,-0.6341,0.0000
5,-0.5000,0.0000
5,-0.3659,0.0000
5,-0.1463,0.0000
5,-0.8175,0.0000
5,-0.6084,0.0000
5,-0.5000,0.0000
5,-0.3916,0.0000
5,-0.1825,0.0000
5,-0.8000,0.0000
5,-0.6000,0.0000
5,-0.5000,0.0000
5,-0.4000,0.0000
5,-0.2000,0.0000
5,-0.7812,0.0000
5,-0.6667,0.0000
5,-0.5000,0.0000
5,-0.3333,0.0000
5,-0.2188,0.0000
5,-0.7500,0.0000
5,-0.6667,0.0000
5,-0.5000,0.0000
5,-0.3333,0.0000
5,-0.2500,0.0000
5,-0.8333,0.0000
5,-0.6667,0.0000
5,-0.5000,0.0000
5,-0.3333,0.0000
5,-0.1667,0.0000
4,-0.8262,0.0000
4,-0.1738,0.0000
4,-0.5000,-0.1619
4,-0.5000,0.1619
4,-0.8606,0.0000
4,-0.1394,0.0000
4,-0.5000,-0.00000001753
4,-0.5000,0.00000001753
4,-0.8031,0.0000
4,-0.1969,0.0000
4,-0.5000,-0.1482
4,-0.5000,0.1482
4,-0.7484,0.0000
4,-0.2516,0.0000
4,-0.5000,-0.3165
4,-0.5000,0.3165
4,-0.7689,0.0000
4,-0.2311,0.0000
4,-0.5000,-0.1804
4,-0.5000,0.1804
4,-0.7420,0.0000
4,-0.2580,0.0000
4,-0.5000,-0.1441
4,-0.5000,0.1441
4,-0.7964,0.0000
4,-0.5000,0.0000
4,-0.5000,0.0000
4,-0.2036,0.0000
4,-0.7887,0.0000
4,-0.5000,0.0000
4,-0.2113,0.0000
4,-0.7194,0.0000
4,-0.2806,0.0000
4,-0.5000,-0.2474
4,-0.5000,0.2474
4,-0.7376,0.0000
4,-0.2624,0.0000
4,-0.5000,-0.00000001380
4,-0.5000,0.00000001380
4,-0.7098,0.0000
4,-0.2902,0.0000
4,-0.5000,-0.1754
4,-0.5000,0.1754
4,-0.7803,0.0000
4,-0.2197,0.0000
4,-0.5000,-0.00000001906
4,-0.5000,0.00000001906
4,-0.5000,-0.1043
4,-0.5000,-0.00000004470
4,-0.5000,0.00000004470
4,-0.5000,0.1043
4,-0.6000,0.0000
4,-0.4000,0.0000
4,-0.5000,-0.00000003650
4,-0.5000,0.00000003650
4,-0.6625,-0.09823
4,-0.6625,0.09823
4,-0.3375,-0.09823
4,-0.3375,0.09823
4,-0.6157,-0.1658
4,-0.6157,0.1658
4,-0.3843,-0.1658
4,-0.3843,0.1658
4,-0.6915,-0.1155
4,-0.6915,0.1155
4,-0.3085,-0.1155
4,-0.3085,0.1155
4,-0.7292,0.0000
4,-0.6423,0.0000
4,-0.3577,0.0000
4,-0.2708,0.0000
4,-0.7376,0.0000
4,-0.2624,0.0000
4,-0.5000,-0.00000001380
4,-0.5000,0.00000001380
4,-0.6000,0.0000
4,-0.4000,0.0000
4,-0.5000,-0.00000003650
4,-0.5000,0.00000003650
4,-0.7611,0.0000
4,-0.6667,0.0000
4,-0.3333,0.0000
4,-0.2389,0.0000
4,-0.7769,0.0000
4,-0.2231,0.0000
4,-0.5000,-0.1556
4,-0.5000,0.1556
4,-0.7337,0.0000
4,-0.2663,0.0000
4,-0.5000,-0.3114
4,-0.5000,0.3114
4,-0.7176,0.0000
4,-0.2824,0.0000
4,-0.5000,-0.1339
4,-0.5000,0.1339
4,-0.7259,0.0000
4,-0.2741,0.0000
4,-0.5000,-0.2119
4,-0.5000,0.2119
4,-0.7803,0.0000
4,-0.2197,0.0000
4,-0.5000,-0.00000001906
4,-0.5000,0.00000001906
4,-0.6570,-0.1099
4,-0.6570,0.1099
4,-0.3430,-0.1099
4,-0.3430,0.1099
4,-0.6021,-0.1773
4,-0.6021,0.1773
4,-0.3979,-0.1773
4,-0.3979,0.1773
4,-0.5607,-0.1764
4,-0.5607,0.1764
4,-0.4393,-0.1764
4,-0.4393,0.1764
4,-0.6369,-0.1865
4,-0.6369,0.1865
4,-0.3631,-0.1865
4,-0.3631,0.1865
4,-0.6411,-0.2667
4,-0.6411,0.2667
4,-0.3589,-0.2667
4,-0.3589,0.2667
4,-0.6450,-0.1952
4,-0.6450,0.1952
4,-0.3550,-0.1952
4,-0.3550,0.1952
4,-0.5844,-0.1893
4,-0.5844,0.1893
4,-0.4156,-0.1893
4,-0.4156,0.1893
4,-0.6360,-0.1433
4,-0.6360,0.1433
4,-0.3640,-0.1433
4,-0.3640,0.1433
4,-0.6360,-0.1433
4,-0.6360,0.1433
4,-0.3640,-0.1433
4,-0.3640,0.1433
4,-0.5000,0.0000
4,-0.6570,-0.1099
4,-0.6570,0.1099
4,-0.3430,-0.1099
4,-0.3430,0.1099
4,-0.6440,-0.1322
4,-0.6440,0.1322
4,-0.3560,-0.1322
4,-0.3560,0.1322
4,-0.6640,-0.2174
4,-0.6640,0.2174
4,-0.3360,-0.2174
4,-0.3360,0.2174
4,-0.6827,-0.2962
4,-0.6827,0.2962
4,-0.3173,-0.2962
4,-0.3173,0.2962
4,-0.6625,-0.09823
4,-0.6625,0.09823
4,-0.3375,-0.09823
4,-0.3375,0.09823
4,-0.5836,-0.1641
4,-0.5836,0.1641
4,-0.4164,-0.1641
4,-0.4164,0.1641
4,-0.7076,0.0000
4,-0.5000,0.0000
4,-0.5000,0.0000
4,-0.2924,0.0000
4,-0.6667,0.0000
4,-0.3333,0.0000
4,-0.5000,-0.2402
4,-0.5000,0.2402
4,-0.6667,0.0000
4,-0.5000,0.0000
4,-0.3333,0.0000
4,-0.6397,-0.1043
4,-0.6397,0.1043
4,-0.3603,-0.1043
4,-0.3603,0.1043
4,-0.6987,0.0000
4,-0.6667,0.0000
4,-0.3333,0.0000
4,-0.3013,0.0000
4,-0.7176,0.0000
4,-0.2824,0.0000
4,-0.5000,-0.1339
4,-0.5000,0.1339
4,-0.6587,0.0000
4,-0.3413,0.0000
4,-0.5000,-0.3109
4,-0.5000,0.3109
4,-0.6793,0.0000
4,-0.3207,0.0000
4,-0.5000,-0.1721
4,-0.5000,0.1721
4,-0.7236,0.0000
4,-0.5000,0.0000
4,-0.2764,0.0000
4,-0.7076,0.0000
4,-0.5000,0.0000
4,-0.5000,0.0000
4,-0.2924,0.0000
4,-0.6339,0.0000
4,-0.3661,0.0000
4,-0.5000,-0.2518
4,-0.5000,0.2518
4,-0.6667,0.0000
4,-0.3333,0.0000
4,-0.5000,-0.1291
4,-0.5000,0.1291
4,-0.6176,0.0000
4,-0.3824,0.0000
4,-0.5000,-0.3017
4,-0.5000,0.3017
4,-0.6667,0.0000
4,-0.3333,0.0000
4,-0.5000,-0.1291
4,-0.5000,0.1291
4,-0.6176,0.0000
4,-0.3824,0.0000
4,-0.5000,-0.3017
4,-0.5000,0.3017
4,-0.6350,0.0000
4,-0.3650,0.0000
4,-0.5000,-0.1661
4,-0.5000,0.1661
4,-0.6096,0.0000
4,-0.3904,0.0000
4,-0.5000,-0.2139
4,-0.5000,0.2139
4,-0.6890,0.0000
4,-0.3110,0.0000
4,-0.5000,-0.00000001825
4,-0.5000,0.00000001825
4,-0.5000,-0.1043
4,-0.5000,-0.00000004470
4,-0.5000,0.00000004470
4,-0.5000,0.1043
4,-0.5000,0.0000
4,-0.5000,-0.2887
4,-0.5000,0.2887
4,-0.5000,-0.2663
4,-0.5000,-0.1379
4,-0.5000,0.1379
4,-0.5000,0.2663
4,-0.5469,-0.2252
4,-0.5469,0.2252
4,-0.4531,-0.2252
4,-0.4531,0.2252
4,-0.5496,-0.1461
4,-0.5496,0.1461
4,-0.4504,-0.1461
4,-0.4504,0.1461
4,-0.6274,-0.1769
4,-0.6274,0.1769
4,-0.3726,-0.1769
4,-0.3726,0.1769
4,-0.5000,0.0000
4,-0.5000,0.0000
4,-0.5000,-0.1508
4,-0.5000,0.1508
4,-0.5909,-0.1203
4,-0.5909,0.1203
4,-0.4091,-0.1203
4,-0.4091,0.1203
4,-0.5607,-0.1764
4,-0.5607,0.1764
4,-0.4393,-0.1764
4,-0.4393,0.1764
4,-0.6235,-0.07821
4,-0.6235,0.07821
4,-0.3765,-0.07821
4,-0.3765,0.07821
4,-0.6320,-0.1165
4,-0.6320,0.1165
4,-0.3680,-0.1165
4,-0.3680,0.1165
4,-0.6387,0.0000
4,-0.5000,0.0000
4,-0.5000,0.0000
4,-0.3613,0.0000
4,-0.5000,0.0000
4,-0.5000,0.0000
4,-0.5000,-0.1508
4,-0.5000,0.1508
4,-0.6667,0.0000
4,-0.3333,0.0000
4,-0.5000,-0.1890
4,-0.5000,0.1890
4,-0.5000,-0.2887
4,-0.5000,-0.1890
4,-0.5000,0.1890
4,-0.5000,0.2887
4,-0.5000,-0.2887
4,-0.5000,0.2887
4,-0.5000,0.0000
4,-0.5000,-0.2887
4,-0.5000,0.2887
4,-0.5000,0.0000
4,-0.5000,-0.1890
4,-0.5000,0.1890
4,-0.6000,0.0000
4,-0.4000,0.0000
4,-0.5000,-0.2402
4,-0.5000,0.2402
4,-0.6213,0.0000
4,-0.3787,0.0000
4,-0.5000,-0.1890
4,-0.5000,0.1890
4,-0.6667,0.0000
4,-0.5000,0.0000
4,-0.3333,0.0000
4,-0.5000,0.0000
4,-0.5000,-0.2402
4,-0.5000,-0.1043
4,-0.5000,0.1043
4,-0.5000,0.2402
4,-0.5000,0.0000
4,-0.5000,0.0000
4,-0.5000,-0.1508
4,-0.5000,0.1508
4,-0.6667,0.0000
4,-0.3333,0.0000
4,-0.5000,-0.1291
4,-0.5000,0.1291
4,-0.6460,-0.1551
4,-0.6460,0.1551
4,-0.3540,-0.1551
4,-0.3540,0.1551
4,-0.6504,0.0000
4,-0.3496,0.0000
4,-0.5000,-0.1460
4,-0.5000,0.1460
4,-0.6000,0.0000
4,-0.4000,0.0000
4,-0.5000,-0.00000003650
4,-0.5000,0.00000003650
4,-0.5000,-0.2236
4,-0.5000,-0.00000002235
4,-0.5000,0.00000002235
4,-0.5000,0.2236
4,-0.5000,0.0000
4,-0.5000,0.0000
4,-0.5742,-0.1332
4,-0.5742,0.1332
4,-0.4258,-0.1332
4,-0.4258,0.1332
4,-0.6667,0.0000
4,-0.6213,0.0000
4,-0.3787,0.0000
4,-0.3333,0.0000
4,-0.7316,0.0000
4,-0.2684,0.0000
4,-0.5000,-0.1531
4,-0.5000,0.1531
4,-0.6947,0.0000
4,-0.3053,0.0000
4,-0.5000,-0.2980
4,-0.5000,0.2980
4,-0.5000,0.0000
4,-0.5000,-0.1890
4,-0.5000,0.1890
4,-0.5000,0.0000
4,-0.5000,-0.2887
4,-0.5000,0.2887
4,-0.6667,0.0000
4,-0.3333,0.0000
4,-0.5000,-0.2887
4,-0.5000,0.2887
4,-0.7098,0.0000
4,-0.2902,0.0000
4,-0.5000,-0.1754
4,-0.5000,0.1754
4,-0.6667,0.0000
4,-0.3333,0.0000
4,-0.5000,-0.1890
4,-0.5000,0.1890
4,-0.6769,0.0000
4,-0.3231,0.0000
4,-0.5000,-0.2213
4,-0.5000,0.2213
4,-0.5000,-0.1043
4,-0.5000,-0.00000004470
4,-0.5000,0.00000004470
4,-0.5000,0.1043
4,-0.7209,0.0000
4,-0.2791,0.0000
4,-0.5000,-0.1636
4,-0.5000,0.1636
4,-0.7692,0.0000
4,-0.2308,0.0000
4,-0.5000,-0.1627
4,-0.5000,0.1627
4,-0.7376,0.0000
4,-0.2624,0.0000
4,-0.5000,-0.00000001380
4,-0.5000,0.00000001380
4,-0.5000,0.0000
4,-0.5000,0.0000
4,-0.5000,0.0000
4,-0.5000,-0.1508
4,-0.5000,0.1508
4,-0.7076,0.0000
4,-0.5000,0.0000
4,-0.5000,0.0000
4,-0.2924,0.0000
4,-0.6667,0.0000
4,-0.5000,0.0000
4,-0.3333,0.0000
4,-0.7236,0.0000
4,-0.5000,0.0000
4,-0.2764,0.0000
4,-0.6667,0.0000
4,-0.5000,0.0000
4,-0.3333,0.0000
4,-0.6000,0.0000
4,-0.4000,0.0000
4,-0.5000,-0.00000003650
4,-0.5000,0.00000003650
4,-0.6509,-0.1211
4,-0.6509,0.1211
4,-0.3491,-0.1211
4,-0.3491,0.1211
4,-0.7500,0.0000
4,-0.5000,0.0000
4,-0.5000,0.0000
4,-0.2500,0.0000
4,-0.8162,0.0000
4,-0.5000,0.0000
4,-0.5000,0.0000
4,-0.1838,0.0000
4,-0.6890,0.0000
4,-0.3110,0.0000
4,-0.5000,-0.00000001825
4,-0.5000,0.00000001825
4,-0.6987,0.0000
4,-0.6667,0.0000
4,-0.3333,0.0000
4,-0.3013,0.0000
4,-0.5000,0.0000
4,-0.6667,0.0000
4,-0.5000,0.0000
4,-0.3333,0.0000
4,-0.7712,0.0000
4,-0.5000,0.0000
4,-0.5000,0.0000
4,-0.2288,0.0000
4,-0.7500,0.0000
4,-0.5000,0.0000
4,-0.5000,0.0000
4,-0.2500,0.0000
4,-0.6667,0.0000
4,-0.3333,0.0000
4,-0.8000,0.0000
4,-0.6000,0.0000
4,-0.4000,0.0000
4,-0.2000,0.0000
3,-0.6000,0.0000
3,-0.5000,0.0000
3,-0.4000,0.0000
3,-0.7376,0.0000
3,-0.5000,0.0000
3,-0.2624,0.0000
3,-0.5000,0.0000
3,-0.5000,-0.1043
3,-0.5000,0.1043
3,-0.5000,0.0000
3,-0.5000,-0.2887
3,-0.5000,0.2887
3,-0.5000,0.0000
3,-0.5000,-0.1508
3,-0.5000,0.1508
3,-0.6387,0.0000
3,-0.5000,0.0000
3,-0.3613,0.0000
3,-0.6000,0.0000
3,-0.5000,0.0000
3,-0.4000,0.0000
3,-0.5000,0.0000
3,-0.5000,-0.2236
3,-0.5000,0.2236
3,-0.5000,0.0000
3,-0.5000,-0.1890
3,-0.5000,0.1890
3,-0.5000,0.0000
3,-0.5000,-0.2887
3,-0.5000,0.2887
3,-0.5000,0.0000
3,-0.5000,-0.1043
3,-0.5000,0.1043
3,-0.5000,0.0000
3,-0.5000,0.0000
3,-0.5000,-0.1508
3,-0.5000,0.1508
3,-0.6667,0.0000
3,-0.5000,0.0000
3,-0.3333,0.0000
3,-0.6890,0.0000
3,-0.5000,0.0000
3,-0.3110,0.0000
3,-0.5000,0.0000
3,-0.6667,0.0000
3,-0.5000,0.0000
3,-0.3333,0.0000
3,-0.7500,0.0000
3,-0.5000,0.0000
3,-0.2500,0.0000
2,-0.5000,-0.1890
2,-0.5000,0.1890
2,-0.5000,-0.2887
2,-0.5000,0.2887
2,-0.5000,0.0000
2,-0.5000,0.0000
2,-0.6667,0.0000
2,-0.3333,0.0000
